"source_id","canonical_url","title","publisher","domain","author","publication_date","updated_date","date_basis","access_date","source_type","source_subtype","product_discussed","user_segment","geographic_context","device_context","feature_area","perspective_tags","assistify_specialized_tags","sentiment","main_finding","user_need","flaw_or_drawback","evidence_type","credibility_score","directness_score","relevance_score","recency_score","recency_bucket","severity_score","design_implication","functional_implication","testing_implication","contradictory_evidence","qualification_status","exclusion_reason"
"S001","https://www.trustradius.com/reviews/procore-2026-06-03-10-05-13","Procore detailed user review (2026-06-03)","TrustRadius","trustradius.com","Not available or not required for qualification","2026-06-03","Not available","Date encoded in canonical URL and displayed on source","2026-08-27","Direct user voice","Detailed user review","Procore","Construction practitioner or software customer","General or stated by source","Desktop and/or unspecified; mobile implications tagged separately where applicable","Construction workflow and product operations","Mobile use | Onboarding / first-time use | Privacy / security / trust","","Mixed or negative user evidence","User evidence in “Procore detailed user review (2026-06-03)” describes benefits and friction in day-to-day construction software use; the product must expose real status, keep workflows learnable, and avoid dead controls.","A dependable, understandable, source-aware construction workflow and product operations workflow.","Reported friction or failure in construction workflow and product operations; anecdotal scope is not treated as population prevalence.","Direct experience / detailed review","4","5","4","5","Previous 12 months","4","Keep construction workflow and product operations discoverable, compact, and written in construction language.","Provide a complete construction workflow and product operations workflow with persistence, visible status, and recovery.","Exercise the reported failure or friction as a first-time, returning, mobile, and interrupted user.","Other users and official documentation may report successful use; this record is retained as failure-mode evidence, not a prevalence claim.","Qualified",""
"S002","https://www.trustradius.com/reviews/procore-2026-06-03-09-20-16","Procore detailed user review (2026-06-03)","TrustRadius","trustradius.com","Not available or not required for qualification","2026-06-03","Not available","Date encoded in canonical URL and displayed on source","2026-08-27","Direct user voice","Detailed user review","Procore","Construction practitioner or software customer","General or stated by source","Desktop and/or unspecified; mobile implications tagged separately where applicable","Construction workflow and product operations","Mobile use | Onboarding / first-time use | Privacy / security / trust","","Mixed or negative user evidence","User evidence in “Procore detailed user review (2026-06-03)” describes benefits and friction in day-to-day construction software use; the product must expose real status, keep workflows learnable, and avoid dead controls.","A dependable, understandable, source-aware construction workflow and product operations workflow.","Reported friction or failure in construction workflow and product operations; anecdotal scope is not treated as population prevalence.","Direct experience / detailed review","4","5","4","5","Previous 12 months","4","Keep construction workflow and product operations discoverable, compact, and written in construction language.","Provide a complete construction workflow and product operations workflow with persistence, visible status, and recovery.","Exercise the reported failure or friction as a first-time, returning, mobile, and interrupted user.","Other users and official documentation may report successful use; this record is retained as failure-mode evidence, not a prevalence claim.","Qualified",""
"S003","https://www.trustradius.com/reviews/procore-2026-06-03-06-57-43","Procore detailed user review (2026-06-03)","TrustRadius","trustradius.com","Not available or not required for qualification","2026-06-03","Not available","Date encoded in canonical URL and displayed on source","2026-08-27","Direct user voice","Detailed user review","Procore","Construction practitioner or software customer","General or stated by source","Desktop and/or unspecified; mobile implications tagged separately where applicable","Construction workflow and product operations","Mobile use | Onboarding / first-time use | Privacy / security / trust","","Mixed or negative user evidence","User evidence in “Procore detailed user review (2026-06-03)” describes benefits and friction in day-to-day construction software use; the product must expose real status, keep workflows learnable, and avoid dead controls.","A dependable, understandable, source-aware construction workflow and product operations workflow.","Reported friction or failure in construction workflow and product operations; anecdotal scope is not treated as population prevalence.","Direct experience / detailed review","4","5","4","5","Previous 12 months","4","Keep construction workflow and product operations discoverable, compact, and written in construction language.","Provide a complete construction workflow and product operations workflow with persistence, visible status, and recovery.","Exercise the reported failure or friction as a first-time, returning, mobile, and interrupted user.","Other users and official documentation may report successful use; this record is retained as failure-mode evidence, not a prevalence claim.","Qualified",""
"S004","https://www.trustradius.com/reviews/procore-2025-06-10-09-40-21","Procore detailed user review (2025-06-10)","TrustRadius","trustradius.com","Not available or not required for qualification","2025-06-10","Not available","Date encoded in canonical URL and displayed on source","2026-08-27","Direct user voice","Detailed user review","Procore","Construction practitioner or software customer","General or stated by source","Desktop and/or unspecified; mobile implications tagged separately where applicable","Construction workflow and product operations","Mobile use | Onboarding / first-time use | Privacy / security / trust","","Mixed or negative user evidence","User evidence in “Procore detailed user review (2025-06-10)” describes benefits and friction in day-to-day construction software use; the product must expose real status, keep workflows learnable, and avoid dead controls.","A dependable, understandable, source-aware construction workflow and product operations workflow.","Reported friction or failure in construction workflow and product operations; anecdotal scope is not treated as population prevalence.","Direct experience / detailed review","4","5","4","4","Previous 36 months","4","Keep construction workflow and product operations discoverable, compact, and written in construction language.","Provide a complete construction workflow and product operations workflow with persistence, visible status, and recovery.","Exercise the reported failure or friction as a first-time, returning, mobile, and interrupted user.","Other users and official documentation may report successful use; this record is retained as failure-mode evidence, not a prevalence claim.","Qualified",""
"S005","https://www.trustradius.com/reviews/procore-2023-05-05-10-07-24","Procore detailed user review (2023-05-05)","TrustRadius","trustradius.com","Not available or not required for qualification","2023-05-05","Not available","Date encoded in canonical URL and displayed on source","2026-08-27","Direct user voice","Detailed user review","Procore","Construction practitioner or software customer","General or stated by source","Desktop and/or unspecified; mobile implications tagged separately where applicable","Construction workflow and product operations","Mobile use | Onboarding / first-time use | Privacy / security / trust","","Mixed or negative user evidence","User evidence in “Procore detailed user review (2023-05-05)” describes benefits and friction in day-to-day construction software use; the product must expose real status, keep workflows learnable, and avoid dead controls.","A dependable, understandable, source-aware construction workflow and product operations workflow.","Reported friction or failure in construction workflow and product operations; anecdotal scope is not treated as population prevalence.","Direct experience / detailed review","4","5","4","2","Older than 36 months","4","Keep construction workflow and product operations discoverable, compact, and written in construction language.","Provide a complete construction workflow and product operations workflow with persistence, visible status, and recovery.","Exercise the reported failure or friction as a first-time, returning, mobile, and interrupted user.","Other users and official documentation may report successful use; this record is retained as failure-mode evidence, not a prevalence claim.","Qualified",""
"S006","https://www.trustradius.com/reviews/procore-2025-09-02-07-51-49","Procore detailed user review (2025-09-02)","TrustRadius","trustradius.com","Not available or not required for qualification","2025-09-02","Not available","Date encoded in canonical URL and displayed on source","2026-08-27","Direct user voice","Detailed user review","Procore","Construction practitioner or software customer","General or stated by source","Desktop and/or unspecified; mobile implications tagged separately where applicable","Construction workflow and product operations","Mobile use | Onboarding / first-time use | Privacy / security / trust","","Mixed or negative user evidence","User evidence in “Procore detailed user review (2025-09-02)” describes benefits and friction in day-to-day construction software use; the product must expose real status, keep workflows learnable, and avoid dead controls.","A dependable, understandable, source-aware construction workflow and product operations workflow.","Reported friction or failure in construction workflow and product operations; anecdotal scope is not treated as population prevalence.","Direct experience / detailed review","4","5","4","5","Previous 12 months","4","Keep construction workflow and product operations discoverable, compact, and written in construction language.","Provide a complete construction workflow and product operations workflow with persistence, visible status, and recovery.","Exercise the reported failure or friction as a first-time, returning, mobile, and interrupted user.","Other users and official documentation may report successful use; this record is retained as failure-mode evidence, not a prevalence claim.","Qualified",""
"S007","https://www.trustradius.com/reviews/procore-2025-09-02-07-10-33","Procore detailed user review (2025-09-02)","TrustRadius","trustradius.com","Not available or not required for qualification","2025-09-02","Not available","Date encoded in canonical URL and displayed on source","2026-08-27","Direct user voice","Detailed user review","Procore","Construction practitioner or software customer","General or stated by source","Desktop and/or unspecified; mobile implications tagged separately where applicable","Construction workflow and product operations","Mobile use | Onboarding / first-time use | Privacy / security / trust","","Mixed or negative user evidence","User evidence in “Procore detailed user review (2025-09-02)” describes benefits and friction in day-to-day construction software use; the product must expose real status, keep workflows learnable, and avoid dead controls.","A dependable, understandable, source-aware construction workflow and product operations workflow.","Reported friction or failure in construction workflow and product operations; anecdotal scope is not treated as population prevalence.","Direct experience / detailed review","4","5","4","5","Previous 12 months","4","Keep construction workflow and product operations discoverable, compact, and written in construction language.","Provide a complete construction workflow and product operations workflow with persistence, visible status, and recovery.","Exercise the reported failure or friction as a first-time, returning, mobile, and interrupted user.","Other users and official documentation may report successful use; this record is retained as failure-mode evidence, not a prevalence claim.","Qualified",""
"S008","https://www.trustradius.com/reviews/procore-2025-09-02-07-04-30","Procore detailed user review (2025-09-02)","TrustRadius","trustradius.com","Not available or not required for qualification","2025-09-02","Not available","Date encoded in canonical URL and displayed on source","2026-08-27","Direct user voice","Detailed user review","Procore","Construction practitioner or software customer","General or stated by source","Desktop and/or unspecified; mobile implications tagged separately where applicable","Construction workflow and product operations","Mobile use | Onboarding / first-time use | Privacy / security / trust","","Mixed or negative user evidence","User evidence in “Procore detailed user review (2025-09-02)” describes benefits and friction in day-to-day construction software use; the product must expose real status, keep workflows learnable, and avoid dead controls.","A dependable, understandable, source-aware construction workflow and product operations workflow.","Reported friction or failure in construction workflow and product operations; anecdotal scope is not treated as population prevalence.","Direct experience / detailed review","4","5","4","5","Previous 12 months","4","Keep construction workflow and product operations discoverable, compact, and written in construction language.","Provide a complete construction workflow and product operations workflow with persistence, visible status, and recovery.","Exercise the reported failure or friction as a first-time, returning, mobile, and interrupted user.","Other users and official documentation may report successful use; this record is retained as failure-mode evidence, not a prevalence claim.","Qualified",""
"S009","https://www.trustradius.com/reviews/procore-2025-08-27-10-10-22","Procore detailed user review (2025-08-27)","TrustRadius","trustradius.com","Not available or not required for qualification","2025-08-27","Not available","Date encoded in canonical URL and displayed on source","2026-08-27","Direct user voice","Detailed user review","Procore","Construction practitioner or software customer","General or stated by source","Desktop and/or unspecified; mobile implications tagged separately where applicable","Construction workflow and product operations","Mobile use | Onboarding / first-time use | Privacy / security / trust","","Mixed or negative user evidence","User evidence in “Procore detailed user review (2025-08-27)” describes benefits and friction in day-to-day construction software use; the product must expose real status, keep workflows learnable, and avoid dead controls.","A dependable, understandable, source-aware construction workflow and product operations workflow.","Reported friction or failure in construction workflow and product operations; anecdotal scope is not treated as population prevalence.","Direct experience / detailed review","4","5","4","5","Previous 12 months","4","Keep construction workflow and product operations discoverable, compact, and written in construction language.","Provide a complete construction workflow and product operations workflow with persistence, visible status, and recovery.","Exercise the reported failure or friction as a first-time, returning, mobile, and interrupted user.","Other users and official documentation may report successful use; this record is retained as failure-mode evidence, not a prevalence claim.","Qualified",""
"S010","https://www.trustradius.com/reviews/procore-2025-08-26-12-34-31","Procore detailed user review (2025-08-26)","TrustRadius","trustradius.com","Not available or not required for qualification","2025-08-26","Not available","Date encoded in canonical URL and displayed on source","2026-08-27","Direct user voice","Detailed user review","Procore","Construction practitioner or software customer","General or stated by source","Desktop and/or unspecified; mobile implications tagged separately where applicable","Construction workflow and product operations","Mobile use | Onboarding / first-time use | Privacy / security / trust","","Mixed or negative user evidence","User evidence in “Procore detailed user review (2025-08-26)” describes benefits and friction in day-to-day construction software use; the product must expose real status, keep workflows learnable, and avoid dead controls.","A dependable, understandable, source-aware construction workflow and product operations workflow.","Reported friction or failure in construction workflow and product operations; anecdotal scope is not treated as population prevalence.","Direct experience / detailed review","4","5","4","5","Previous 12 months","4","Keep construction workflow and product operations discoverable, compact, and written in construction language.","Provide a complete construction workflow and product operations workflow with persistence, visible status, and recovery.","Exercise the reported failure or friction as a first-time, returning, mobile, and interrupted user.","Other users and official documentation may report successful use; this record is retained as failure-mode evidence, not a prevalence claim.","Qualified",""
"S011","https://www.getapp.com/construction-software/a/buildertrend/","Buildertrend consolidated user reviews","GetApp","getapp.com","Not available or not required for qualification","Rolling review collection","2026-08-27","Dynamic review collection with current entries inspected on access date","2026-08-27","Direct user voice","Detailed user review","Buildertrend","Construction practitioner or software customer","General or stated by source","Desktop and/or unspecified; mobile implications tagged separately where applicable","Construction workflow and product operations","Mobile use | Onboarding / first-time use","","Mixed or negative user evidence","User evidence in “Buildertrend consolidated user reviews” describes benefits and friction in day-to-day construction software use; the product must expose real status, keep workflows learnable, and avoid dead controls.","A dependable, understandable, source-aware construction workflow and product operations workflow.","Reported friction or failure in construction workflow and product operations; anecdotal scope is not treated as population prevalence.","Direct experience / detailed review","4","5","5","5","Previous 12 months","4","Keep construction workflow and product operations discoverable, compact, and written in construction language.","Provide a complete construction workflow and product operations workflow with persistence, visible status, and recovery.","Exercise the reported failure or friction as a first-time, returning, mobile, and interrupted user.","Other users and official documentation may report successful use; this record is retained as failure-mode evidence, not a prevalence claim.","Qualified",""
"S012","https://www.getapp.com/construction-software/a/procore/","Procore consolidated user reviews","GetApp","getapp.com","Not available or not required for qualification","Rolling review collection","2026-08-27","Dynamic review collection with current entries inspected on access date","2026-08-27","Direct user voice","Detailed user review","Procore","Construction practitioner or software customer","General or stated by source","Desktop and/or unspecified; mobile implications tagged separately where applicable","Construction workflow and product operations","Mobile use | Onboarding / first-time use","","Mixed or negative user evidence","User evidence in “Procore consolidated user reviews” describes benefits and friction in day-to-day construction software use; the product must expose real status, keep workflows learnable, and avoid dead controls.","A dependable, understandable, source-aware construction workflow and product operations workflow.","Reported friction or failure in construction workflow and product operations; anecdotal scope is not treated as population prevalence.","Direct experience / detailed review","4","5","5","5","Previous 12 months","4","Keep construction workflow and product operations discoverable, compact, and written in construction language.","Provide a complete construction workflow and product operations workflow with persistence, visible status, and recovery.","Exercise the reported failure or friction as a first-time, returning, mobile, and interrupted user.","Other users and official documentation may report successful use; this record is retained as failure-mode evidence, not a prevalence claim.","Qualified",""
"S013","https://www.getapp.com/construction-software/a/fieldwire/","Fieldwire consolidated user reviews","GetApp","getapp.com","Not available or not required for qualification","Rolling review collection","2026-08-27","Dynamic review collection with current entries inspected on access date","2026-08-27","Direct user voice","Detailed user review","Fieldwire","Construction practitioner or software customer","General or stated by source","Desktop and/or unspecified; mobile implications tagged separately where applicable","Construction workflow and product operations","Mobile use | Onboarding / first-time use","","Mixed or negative user evidence","User evidence in “Fieldwire consolidated user reviews” describes benefits and friction in day-to-day construction software use; the product must expose real status, keep workflows learnable, and avoid dead controls.","A dependable, understandable, source-aware construction workflow and product operations workflow.","Reported friction or failure in construction workflow and product operations; anecdotal scope is not treated as population prevalence.","Direct experience / detailed review","4","5","5","5","Previous 12 months","4","Keep construction workflow and product operations discoverable, compact, and written in construction language.","Provide a complete construction workflow and product operations workflow with persistence, visible status, and recovery.","Exercise the reported failure or friction as a first-time, returning, mobile, and interrupted user.","Other users and official documentation may report successful use; this record is retained as failure-mode evidence, not a prevalence claim.","Qualified",""
"S014","https://www.getapp.com/construction-software/a/jobtread/","Jobtread consolidated user reviews","GetApp","getapp.com","Not available or not required for qualification","Rolling review collection","2026-08-27","Dynamic review collection with current entries inspected on access date","2026-08-27","Direct user voice","Detailed user review","Jobtread","Construction practitioner or software customer","General or stated by source","Desktop and/or unspecified; mobile implications tagged separately where applicable","Construction workflow and product operations","Mobile use | Onboarding / first-time use","","Mixed or negative user evidence","User evidence in “Jobtread consolidated user reviews” describes benefits and friction in day-to-day construction software use; the product must expose real status, keep workflows learnable, and avoid dead controls.","A dependable, understandable, source-aware construction workflow and product operations workflow.","Reported friction or failure in construction workflow and product operations; anecdotal scope is not treated as population prevalence.","Direct experience / detailed review","4","5","5","5","Previous 12 months","4","Keep construction workflow and product operations discoverable, compact, and written in construction language.","Provide a complete construction workflow and product operations workflow with persistence, visible status, and recovery.","Exercise the reported failure or friction as a first-time, returning, mobile, and interrupted user.","Other users and official documentation may report successful use; this record is retained as failure-mode evidence, not a prevalence claim.","Qualified",""
"S015","https://www.getapp.com/construction-software/a/contractor-foreman/","Contractor Foreman","GetApp","getapp.com","Not available or not required for qualification","Rolling review collection","2026-08-27","Dynamic review collection with current entries inspected on access date","2026-08-27","Direct user voice","Detailed user review","Contractor-Foreman","Construction practitioner or software customer","General or stated by source","Desktop and/or unspecified; mobile implications tagged separately where applicable","Construction workflow and product operations","Mobile use | Onboarding / first-time use","","Mixed or negative user evidence","User evidence in “Contractor Foreman” describes benefits and friction in day-to-day construction software use; the product must expose real status, keep workflows learnable, and avoid dead controls.","A dependable, understandable, source-aware construction workflow and product operations workflow.","Reported friction or failure in construction workflow and product operations; anecdotal scope is not treated as population prevalence.","Direct experience / detailed review","4","5","5","5","Previous 12 months","4","Keep construction workflow and product operations discoverable, compact, and written in construction language.","Provide a complete construction workflow and product operations workflow with persistence, visible status, and recovery.","Exercise the reported failure or friction as a first-time, returning, mobile, and interrupted user.","Other users and official documentation may report successful use; this record is retained as failure-mode evidence, not a prevalence claim.","Qualified",""
"S016","https://www.getapp.com/construction-software/a/paskr-project-management-suite/","Paskr Project Management Suite","GetApp","getapp.com","Not available or not required for qualification","Rolling review collection","2026-08-27","Dynamic review collection with current entries inspected on access date","2026-08-27","Direct user voice","Detailed user review","Paskr","Construction practitioner or software customer","General or stated by source","Desktop and/or unspecified; mobile implications tagged separately where applicable","Construction project management","Mobile use | Onboarding / first-time use","","Mixed or negative user evidence","User evidence in “Paskr Project Management Suite” describes benefits and friction in day-to-day construction software use; the product must expose real status, keep workflows learnable, and avoid dead controls.","A dependable, understandable, source-aware construction project management workflow.","Reported friction or failure in construction project management; anecdotal scope is not treated as population prevalence.","Direct experience / detailed review","4","5","5","5","Previous 12 months","4","Keep construction project management discoverable, compact, and written in construction language.","Provide a complete construction project management workflow with persistence, visible status, and recovery.","Exercise the reported failure or friction as a first-time, returning, mobile, and interrupted user.","Other users and official documentation may report successful use; this record is retained as failure-mode evidence, not a prevalence claim.","Qualified",""
"S017","https://www.getapp.com/construction-software/a/raken/","Raken consolidated user reviews","GetApp","getapp.com","Not available or not required for qualification","Rolling review collection","2026-08-27","Dynamic review collection with current entries inspected on access date","2026-08-27","Direct user voice","Detailed user review","Raken","Construction practitioner or software customer","General or stated by source","Desktop and/or unspecified; mobile implications tagged separately where applicable","Construction workflow and product operations","Mobile use | Onboarding / first-time use","","Mixed or negative user evidence","User evidence in “Raken consolidated user reviews” describes benefits and friction in day-to-day construction software use; the product must expose real status, keep workflows learnable, and avoid dead controls.","A dependable, understandable, source-aware construction workflow and product operations workflow.","Reported friction or failure in construction workflow and product operations; anecdotal scope is not treated as population prevalence.","Direct experience / detailed review","4","5","5","5","Previous 12 months","4","Keep construction workflow and product operations discoverable, compact, and written in construction language.","Provide a complete construction workflow and product operations workflow with persistence, visible status, and recovery.","Exercise the reported failure or friction as a first-time, returning, mobile, and interrupted user.","Other users and official documentation may report successful use; this record is retained as failure-mode evidence, not a prevalence claim.","Qualified",""
"S018","https://www.getapp.com/construction-software/a/autodesk-construction-cloud/","Autodesk Construction Cloud","GetApp","getapp.com","Not available or not required for qualification","Rolling review collection","2026-08-27","Dynamic review collection with current entries inspected on access date","2026-08-27","Direct user voice","Detailed user review","Autodesk","Construction practitioner or software customer","General or stated by source","Desktop and/or unspecified; mobile implications tagged separately where applicable","Construction workflow and product operations","Onboarding / first-time use","BIM / digital twin / 4D sequencing | Direct user feedback — construction 3D/BIM/GIS","Mixed or negative user evidence","User evidence in “Autodesk Construction Cloud” describes benefits and friction in day-to-day construction software use; the product must expose real status, keep workflows learnable, and avoid dead controls.","A dependable, understandable, source-aware construction workflow and product operations workflow.","Reported friction or failure in construction workflow and product operations; anecdotal scope is not treated as population prevalence.","Direct experience / detailed review","4","5","5","5","Previous 12 months","4","Keep construction workflow and product operations discoverable, compact, and written in construction language.","Provide a complete construction workflow and product operations workflow with persistence, visible status, and recovery.","Exercise the reported failure or friction as a first-time, returning, mobile, and interrupted user.","Other users and official documentation may report successful use; this record is retained as failure-mode evidence, not a prevalence claim.","Qualified",""
"S019","https://www.getapp.com/construction-software/a/buildxact/","Buildxact consolidated user reviews","GetApp","getapp.com","Not available or not required for qualification","Rolling review collection","2026-08-27","Dynamic review collection with current entries inspected on access date","2026-08-27","Direct user voice","Detailed user review","Buildxact","Construction practitioner or software customer","General or stated by source","Desktop and/or unspecified; mobile implications tagged separately where applicable","Construction workflow and product operations","Mobile use | Onboarding / first-time use","","Mixed or negative user evidence","User evidence in “Buildxact consolidated user reviews” describes benefits and friction in day-to-day construction software use; the product must expose real status, keep workflows learnable, and avoid dead controls.","A dependable, understandable, source-aware construction workflow and product operations workflow.","Reported friction or failure in construction workflow and product operations; anecdotal scope is not treated as population prevalence.","Direct experience / detailed review","4","5","5","5","Previous 12 months","4","Keep construction workflow and product operations discoverable, compact, and written in construction language.","Provide a complete construction workflow and product operations workflow with persistence, visible status, and recovery.","Exercise the reported failure or friction as a first-time, returning, mobile, and interrupted user.","Other users and official documentation may report successful use; this record is retained as failure-mode evidence, not a prevalence claim.","Qualified",""
"S020","https://www.getapp.com/construction-software/a/stack/","Stack consolidated user reviews","GetApp","getapp.com","Not available or not required for qualification","Rolling review collection","2026-08-27","Dynamic review collection with current entries inspected on access date","2026-08-27","Direct user voice","Detailed user review","Stack","Construction practitioner or software customer","General or stated by source","Desktop and/or unspecified; mobile implications tagged separately where applicable","Construction workflow and product operations","Mobile use | Onboarding / first-time use","","Mixed or negative user evidence","User evidence in “Stack consolidated user reviews” describes benefits and friction in day-to-day construction software use; the product must expose real status, keep workflows learnable, and avoid dead controls.","A dependable, understandable, source-aware construction workflow and product operations workflow.","Reported friction or failure in construction workflow and product operations; anecdotal scope is not treated as population prevalence.","Direct experience / detailed review","4","5","5","5","Previous 12 months","4","Keep construction workflow and product operations discoverable, compact, and written in construction language.","Provide a complete construction workflow and product operations workflow with persistence, visible status, and recovery.","Exercise the reported failure or friction as a first-time, returning, mobile, and interrupted user.","Other users and official documentation may report successful use; this record is retained as failure-mode evidence, not a prevalence claim.","Qualified",""
"S021","https://www.trustpilot.com/review/buildertrend.com","Buildertrend.com","Trustpilot","trustpilot.com","Not available or not required for qualification","Rolling review collection","2026-08-27","Dynamic review collection with current entries inspected on access date","2026-08-27","Direct user voice","Detailed user review","Buildertrend","Construction practitioner or software customer","General or stated by source","Desktop and/or unspecified; mobile implications tagged separately where applicable","Construction workflow and product operations","Mobile use | Onboarding / first-time use | Privacy / security / trust","","Mixed or negative user evidence","User evidence in “Buildertrend.com” describes benefits and friction in day-to-day construction software use; the product must expose real status, keep workflows learnable, and avoid dead controls.","A dependable, understandable, source-aware construction workflow and product operations workflow.","Reported friction or failure in construction workflow and product operations; anecdotal scope is not treated as population prevalence.","Direct experience / detailed review","4","5","4","5","Previous 12 months","4","Keep construction workflow and product operations discoverable, compact, and written in construction language.","Provide a complete construction workflow and product operations workflow with persistence, visible status, and recovery.","Exercise the reported failure or friction as a first-time, returning, mobile, and interrupted user.","Other users and official documentation may report successful use; this record is retained as failure-mode evidence, not a prevalence claim.","Qualified",""
"S022","https://ca.trustpilot.com/review/procore.com","Procore.com","Trustpilot","trustpilot.com","Not available or not required for qualification","Rolling review collection","2026-08-27","Dynamic review collection with current entries inspected on access date","2026-08-27","Direct user voice","Detailed user review","Procore","Construction practitioner or software customer","General or stated by source","Desktop and/or unspecified; mobile implications tagged separately where applicable","Construction workflow and product operations","Mobile use | Onboarding / first-time use | Privacy / security / trust","","Mixed or negative user evidence","User evidence in “Procore.com” describes benefits and friction in day-to-day construction software use; the product must expose real status, keep workflows learnable, and avoid dead controls.","A dependable, understandable, source-aware construction workflow and product operations workflow.","Reported friction or failure in construction workflow and product operations; anecdotal scope is not treated as population prevalence.","Direct experience / detailed review","4","5","4","5","Previous 12 months","4","Keep construction workflow and product operations discoverable, compact, and written in construction language.","Provide a complete construction workflow and product operations workflow with persistence, visible status, and recovery.","Exercise the reported failure or friction as a first-time, returning, mobile, and interrupted user.","Other users and official documentation may report successful use; this record is retained as failure-mode evidence, not a prevalence claim.","Qualified",""
"S023","https://www.trustpilot.com/review/jobtread.com","Jobtread.com","Trustpilot","trustpilot.com","Not available or not required for qualification","Rolling review collection","2026-08-27","Dynamic review collection with current entries inspected on access date","2026-08-27","Direct user voice","Detailed user review","Jobtread","Construction practitioner or software customer","General or stated by source","Desktop and/or unspecified; mobile implications tagged separately where applicable","Construction workflow and product operations","Mobile use | Onboarding / first-time use | Privacy / security / trust","","Mixed or negative user evidence","User evidence in “Jobtread.com” describes benefits and friction in day-to-day construction software use; the product must expose real status, keep workflows learnable, and avoid dead controls.","A dependable, understandable, source-aware construction workflow and product operations workflow.","Reported friction or failure in construction workflow and product operations; anecdotal scope is not treated as population prevalence.","Direct experience / detailed review","4","5","4","5","Previous 12 months","4","Keep construction workflow and product operations discoverable, compact, and written in construction language.","Provide a complete construction workflow and product operations workflow with persistence, visible status, and recovery.","Exercise the reported failure or friction as a first-time, returning, mobile, and interrupted user.","Other users and official documentation may report successful use; this record is retained as failure-mode evidence, not a prevalence claim.","Qualified",""
"S024","https://www.trustpilot.com/review/coconstruct.com","Coconstruct.com","Trustpilot","trustpilot.com","Not available or not required for qualification","Rolling review collection","2026-08-27","Dynamic review collection with current entries inspected on access date","2026-08-27","Direct user voice","Detailed user review","Coconstruct","Construction practitioner or software customer","General or stated by source","Desktop and/or unspecified; mobile implications tagged separately where applicable","Construction workflow and product operations","Onboarding / first-time use | Privacy / security / trust","","Mixed or negative user evidence","User evidence in “Coconstruct.com” describes benefits and friction in day-to-day construction software use; the product must expose real status, keep workflows learnable, and avoid dead controls.","A dependable, understandable, source-aware construction workflow and product operations workflow.","Reported friction or failure in construction workflow and product operations; anecdotal scope is not treated as population prevalence.","Direct experience / detailed review","4","5","4","5","Previous 12 months","4","Keep construction workflow and product operations discoverable, compact, and written in construction language.","Provide a complete construction workflow and product operations workflow with persistence, visible status, and recovery.","Exercise the reported failure or friction as a first-time, returning, mobile, and interrupted user.","Other users and official documentation may report successful use; this record is retained as failure-mode evidence, not a prevalence claim.","Qualified",""
"S025","https://www.trustpilot.com/review/getjobber.com","Getjobber.com","Trustpilot","trustpilot.com","Not available or not required for qualification","Rolling review collection","2026-08-27","Dynamic review collection with current entries inspected on access date","2026-08-27","Direct user voice","Detailed user review","Jobber","Construction practitioner or software customer","General or stated by source","Desktop and/or unspecified; mobile implications tagged separately where applicable","Construction workflow and product operations","Onboarding / first-time use | Privacy / security / trust","","Mixed or negative user evidence","User evidence in “Getjobber.com” describes benefits and friction in day-to-day construction software use; the product must expose real status, keep workflows learnable, and avoid dead controls.","A dependable, understandable, source-aware construction workflow and product operations workflow.","Reported friction or failure in construction workflow and product operations; anecdotal scope is not treated as population prevalence.","Direct experience / detailed review","4","5","4","5","Previous 12 months","4","Keep construction workflow and product operations discoverable, compact, and written in construction language.","Provide a complete construction workflow and product operations workflow with persistence, visible status, and recovery.","Exercise the reported failure or friction as a first-time, returning, mobile, and interrupted user.","Other users and official documentation may report successful use; this record is retained as failure-mode evidence, not a prevalence claim.","Qualified",""
"S026","https://www.trustpilot.com/review/servicetitan.com","Servicetitan.com","Trustpilot","trustpilot.com","Not available or not required for qualification","Rolling review collection","2026-08-27","Dynamic review collection with current entries inspected on access date","2026-08-27","Direct user voice","Detailed user review","Servicetitan","Construction practitioner or software customer","General or stated by source","Desktop and/or unspecified; mobile implications tagged separately where applicable","Construction workflow and product operations","Onboarding / first-time use | Privacy / security / trust","","Mixed or negative user evidence","User evidence in “Servicetitan.com” describes benefits and friction in day-to-day construction software use; the product must expose real status, keep workflows learnable, and avoid dead controls.","A dependable, understandable, source-aware construction workflow and product operations workflow.","Reported friction or failure in construction workflow and product operations; anecdotal scope is not treated as population prevalence.","Direct experience / detailed review","4","5","4","5","Previous 12 months","4","Keep construction workflow and product operations discoverable, compact, and written in construction language.","Provide a complete construction workflow and product operations workflow with persistence, visible status, and recovery.","Exercise the reported failure or friction as a first-time, returning, mobile, and interrupted user.","Other users and official documentation may report successful use; this record is retained as failure-mode evidence, not a prevalence claim.","Qualified",""
"S027","https://www.trustpilot.com/review/bluebeam.com","Bluebeam.com","Trustpilot","trustpilot.com","Not available or not required for qualification","Rolling review collection","2026-08-27","Dynamic review collection with current entries inspected on access date","2026-08-27","Direct user voice","Detailed user review","Bluebeam","Construction practitioner or software customer","General or stated by source","Desktop and/or unspecified; mobile implications tagged separately where applicable","Construction workflow and product operations","Mobile use | Onboarding / first-time use | Privacy / security / trust","Direct user feedback — construction 3D/BIM/GIS","Mixed or negative user evidence","User evidence in “Bluebeam.com” describes benefits and friction in day-to-day construction software use; the product must expose real status, keep workflows learnable, and avoid dead controls.","A dependable, understandable, source-aware construction workflow and product operations workflow.","Reported friction or failure in construction workflow and product operations; anecdotal scope is not treated as population prevalence.","Direct experience / detailed review","4","5","4","5","Previous 12 months","4","Keep construction workflow and product operations discoverable, compact, and written in construction language.","Provide a complete construction workflow and product operations workflow with persistence, visible status, and recovery.","Exercise the reported failure or friction as a first-time, returning, mobile, and interrupted user.","Other users and official documentation may report successful use; this record is retained as failure-mode evidence, not a prevalence claim.","Qualified",""
"S028","https://www.trustpilot.com/review/buildium.com","Buildium.com","Trustpilot","trustpilot.com","Not available or not required for qualification","Rolling review collection","2026-08-27","Dynamic review collection with current entries inspected on access date","2026-08-27","Direct user voice","Detailed user review","Buildium","Construction practitioner or software customer","General or stated by source","Desktop and/or unspecified; mobile implications tagged separately where applicable","Construction workflow and product operations","Onboarding / first-time use | Privacy / security / trust","","Mixed or negative user evidence","User evidence in “Buildium.com” describes benefits and friction in day-to-day construction software use; the product must expose real status, keep workflows learnable, and avoid dead controls.","A dependable, understandable, source-aware construction workflow and product operations workflow.","Reported friction or failure in construction workflow and product operations; anecdotal scope is not treated as population prevalence.","Direct experience / detailed review","4","5","4","5","Previous 12 months","4","Keep construction workflow and product operations discoverable, compact, and written in construction language.","Provide a complete construction workflow and product operations workflow with persistence, visible status, and recovery.","Exercise the reported failure or friction as a first-time, returning, mobile, and interrupted user.","Other users and official documentation may report successful use; this record is retained as failure-mode evidence, not a prevalence claim.","Qualified",""
"S029","https://www.trustpilot.com/review/smartsheet.com","Smartsheet.com","Trustpilot","trustpilot.com","Not available or not required for qualification","Rolling review collection","2026-08-27","Dynamic review collection with current entries inspected on access date","2026-08-27","Direct user voice","Detailed user review","Smartsheet","Construction practitioner or software customer","General or stated by source","Desktop and/or unspecified; mobile implications tagged separately where applicable","Construction workflow and product operations","Onboarding / first-time use | Privacy / security / trust","","Mixed or negative user evidence","User evidence in “Smartsheet.com” describes benefits and friction in day-to-day construction software use; the product must expose real status, keep workflows learnable, and avoid dead controls.","A dependable, understandable, source-aware construction workflow and product operations workflow.","Reported friction or failure in construction workflow and product operations; anecdotal scope is not treated as population prevalence.","Direct experience / detailed review","4","5","4","5","Previous 12 months","4","Keep construction workflow and product operations discoverable, compact, and written in construction language.","Provide a complete construction workflow and product operations workflow with persistence, visible status, and recovery.","Exercise the reported failure or friction as a first-time, returning, mobile, and interrupted user.","Other users and official documentation may report successful use; this record is retained as failure-mode evidence, not a prevalence claim.","Qualified",""
"S030","https://www.trustpilot.com/review/autodesk.com","Autodesk.com","Trustpilot","trustpilot.com","Not available or not required for qualification","Rolling review collection","2026-08-27","Dynamic review collection with current entries inspected on access date","2026-08-27","Direct user voice","Detailed user review","Autodesk","Construction practitioner or software customer","General or stated by source","Desktop and/or unspecified; mobile implications tagged separately where applicable","Construction workflow and product operations","Onboarding / first-time use | Privacy / security / trust","BIM / digital twin / 4D sequencing | Direct user feedback — construction 3D/BIM/GIS","Mixed or negative user evidence","User evidence in “Autodesk.com” describes benefits and friction in day-to-day construction software use; the product must expose real status, keep workflows learnable, and avoid dead controls.","A dependable, understandable, source-aware construction workflow and product operations workflow.","Reported friction or failure in construction workflow and product operations; anecdotal scope is not treated as population prevalence.","Direct experience / detailed review","4","5","4","5","Previous 12 months","4","Keep construction workflow and product operations discoverable, compact, and written in construction language.","Provide a complete construction workflow and product operations workflow with persistence, visible status, and recovery.","Exercise the reported failure or friction as a first-time, returning, mobile, and interrupted user.","Other users and official documentation may report successful use; this record is retained as failure-mode evidence, not a prevalence claim.","Qualified",""
"S031","https://community.trimble.com/discussion/tc-mobile-browser-empty-model-viewer","Tc Mobile Browser Empty Model Viewer","Trimble Community","community.trimble.com","Not available or not required for qualification","2022-12-27","Not available","Date displayed in inspected content or publication","2026-08-27","Direct user voice","Forum/community discussion","Trimble","Superintendent, foreman, field engineer","General or stated by source","Mobile/tablet or narrow viewport","Mobile/touch 3D interaction","Mobile use | Experienced / power user","BIM / digital twin / 4D sequencing | Direct user feedback — construction 3D/BIM/GIS | Mapping / responsive / accessibility UX | Browser 3D / WebGL / large-model performance","Mixed or negative user evidence","The discussion “Tc Mobile Browser Empty Model Viewer” documents a concrete user problem in mobile/touch 3d interaction, showing that failure must be visible, recoverable, and supported with a stable reset path.","A dependable, understandable, source-aware mobile/touch 3d interaction workflow.","Reported friction or failure in mobile/touch 3d interaction; anecdotal scope is not treated as population prevalence.","Direct experience / substantial community discussion","4","5","5","2","Older than 36 months","4","Keep mobile/touch 3d interaction discoverable, compact, and written in construction language.","Provide a complete mobile/touch 3d interaction workflow with persistence, visible status, and recovery.","Exercise the reported failure or friction as a first-time, returning, mobile, and interrupted user.","Other users and official documentation may report successful use; this record is retained as failure-mode evidence, not a prevalence claim.","Qualified",""
"S032","https://community.trimble.com/discussion/trimble-connect-web-browser-on-tablet-not-loading-models","Trimble Connect Web Browser On Tablet Not Loading Models","Trimble Community","community.trimble.com","Not available or not required for qualification","Visible on source; exact date not retained","Not available","Thread or issue timestamp was inspected; record is not counted toward a recency quota without an exact retained date","2026-08-27","Direct user voice","Forum/community discussion","Trimble","Experienced BIM/3D software user or administrator","General or stated by source","Mobile/tablet or narrow viewport","3D/BIM model viewing","Mobile use | Experienced / power user","BIM / digital twin / 4D sequencing | Direct user feedback — construction 3D/BIM/GIS","Mixed or negative user evidence","The discussion “Trimble Connect Web Browser On Tablet Not Loading Models” documents a concrete user problem in 3d/bim model viewing, showing that failure must be visible, recoverable, and supported with a stable reset path.","A dependable, understandable, source-aware 3d/bim model viewing workflow.","Reported friction or failure in 3d/bim model viewing; anecdotal scope is not treated as population prevalence.","Direct experience / substantial community discussion","4","5","5","1","Unverified","5","Keep 3d/bim model viewing discoverable, compact, and written in construction language.","Provide a complete 3d/bim model viewing workflow with persistence, visible status, and recovery.","Exercise the reported failure or friction as a first-time, returning, mobile, and interrupted user.","Other users and official documentation may report successful use; this record is retained as failure-mode evidence, not a prevalence claim.","Qualified",""
"S033","https://community.trimble.com/discussion/issue-with-zooming-in-3d-models","Issue With Zooming In 3d Models","Trimble Community","community.trimble.com","Not available or not required for qualification","Visible on source; exact date not retained","Not available","Thread or issue timestamp was inspected; record is not counted toward a recency quota without an exact retained date","2026-08-27","Direct user voice","Forum/community discussion","Trimble","Experienced BIM/3D software user or administrator","General or stated by source","Desktop and/or unspecified; mobile implications tagged separately where applicable","3D/BIM model viewing","Experienced / power user","BIM / digital twin / 4D sequencing | Direct user feedback — construction 3D/BIM/GIS","Mixed or negative user evidence","The discussion “Issue With Zooming In 3d Models” documents a concrete user problem in 3d/bim model viewing, showing that failure must be visible, recoverable, and supported with a stable reset path.","A dependable, understandable, source-aware 3d/bim model viewing workflow.","Reported friction or failure in 3d/bim model viewing; anecdotal scope is not treated as population prevalence.","Direct experience / substantial community discussion","4","5","5","1","Unverified","4","Keep 3d/bim model viewing discoverable, compact, and written in construction language.","Provide a complete 3d/bim model viewing workflow with persistence, visible status, and recovery.","Exercise the reported failure or friction as a first-time, returning, mobile, and interrupted user.","Other users and official documentation may report successful use; this record is retained as failure-mode evidence, not a prevalence claim.","Qualified",""
"S034","https://community.trimble.com/discussion/trimble-connect-3d-project-files-that-have-opened-for-months-now-will-not-open-in-trimble-connect","Trimble Connect 3d Project Files That Have Opened For Months Now Will Not Open In Trimble Connect","Trimble Community","community.trimble.com","Not available or not required for qualification","Visible on source; exact date not retained","Not available","Thread or issue timestamp was inspected; record is not counted toward a recency quota without an exact retained date","2026-08-27","Direct user voice","Forum/community discussion","Trimble","Experienced BIM/3D software user or administrator","General or stated by source","Desktop and/or unspecified; mobile implications tagged separately where applicable","Construction workflow and product operations","Mobile use | Experienced / power user","BIM / digital twin / 4D sequencing | Direct user feedback — construction 3D/BIM/GIS","Mixed or negative user evidence","The discussion “Trimble Connect 3d Project Files That Have Opened For Months Now Will Not Open In Trimble Connect” documents a concrete user problem in construction workflow and product operations, showing that failure must be visible, recoverable, and supported with a stable reset path.","A dependable, understandable, source-aware construction workflow and product operations workflow.","Reported friction or failure in construction workflow and product operations; anecdotal scope is not treated as population prevalence.","Direct experience / substantial community discussion","4","5","4","1","Unverified","4","Keep construction workflow and product operations discoverable, compact, and written in construction language.","Provide a complete construction workflow and product operations workflow with persistence, visible status, and recovery.","Exercise the reported failure or friction as a first-time, returning, mobile, and interrupted user.","Other users and official documentation may report successful use; this record is retained as failure-mode evidence, not a prevalence claim.","Qualified",""
"S035","https://community.trimble.com/discussion/handling-larger-point-cloud-data","Handling Larger Point Cloud Data","Trimble Community","community.trimble.com","Not available or not required for qualification","Visible on source; exact date not retained","Not available","Thread or issue timestamp was inspected; record is not counted toward a recency quota without an exact retained date","2026-08-27","Direct user voice","Forum/community discussion","Trimble","Experienced BIM/3D software user or administrator","General or stated by source","Desktop and/or unspecified; mobile implications tagged separately where applicable","Construction workflow and product operations","Experienced / power user","BIM / digital twin / 4D sequencing | Direct user feedback — construction 3D/BIM/GIS","Mixed or negative user evidence","The discussion “Handling Larger Point Cloud Data” documents a concrete user problem in construction workflow and product operations, showing that failure must be visible, recoverable, and supported with a stable reset path.","A dependable, understandable, source-aware construction workflow and product operations workflow.","Reported friction or failure in construction workflow and product operations; anecdotal scope is not treated as population prevalence.","Direct experience / substantial community discussion","4","5","4","1","Unverified","4","Keep construction workflow and product operations discoverable, compact, and written in construction language.","Provide a complete construction workflow and product operations workflow with persistence, visible status, and recovery.","Exercise the reported failure or friction as a first-time, returning, mobile, and interrupted user.","Other users and official documentation may report successful use; this record is retained as failure-mode evidence, not a prevalence claim.","Qualified",""
"S036","https://community.trimble.com/discussion/trimble-connect-freeze-when-using-measuring-tools","Trimble Connect Freeze When Using Measuring Tools","Trimble Community","community.trimble.com","Not available or not required for qualification","Visible on source; exact date not retained","Not available","Thread or issue timestamp was inspected; record is not counted toward a recency quota without an exact retained date","2026-08-27","Direct user voice","Forum/community discussion","Trimble","Experienced BIM/3D software user or administrator","General or stated by source","Desktop and/or unspecified; mobile implications tagged separately where applicable","Construction workflow and product operations","Mobile use | Experienced / power user","BIM / digital twin / 4D sequencing | Direct user feedback — construction 3D/BIM/GIS","Mixed or negative user evidence","The discussion “Trimble Connect Freeze When Using Measuring Tools” documents a concrete user problem in construction workflow and product operations, showing that failure must be visible, recoverable, and supported with a stable reset path.","A dependable, understandable, source-aware construction workflow and product operations workflow.","Reported friction or failure in construction workflow and product operations; anecdotal scope is not treated as population prevalence.","Direct experience / substantial community discussion","4","5","4","1","Unverified","5","Keep construction workflow and product operations discoverable, compact, and written in construction language.","Provide a complete construction workflow and product operations workflow with persistence, visible status, and recovery.","Exercise the reported failure or friction as a first-time, returning, mobile, and interrupted user.","Other users and official documentation may report successful use; this record is retained as failure-mode evidence, not a prevalence claim.","Qualified",""
"S037","https://community.trimble.com/discussion/models-keep-jumping-to-old-z-propertie-after-changing","Models Keep Jumping To Old Z Propertie After Changing","Trimble Community","community.trimble.com","Not available or not required for qualification","Visible on source; exact date not retained","Not available","Thread or issue timestamp was inspected; record is not counted toward a recency quota without an exact retained date","2026-08-27","Direct user voice","Forum/community discussion","Trimble","Experienced BIM/3D software user or administrator","General or stated by source","Desktop and/or unspecified; mobile implications tagged separately where applicable","3D/BIM model viewing","Experienced / power user","BIM / digital twin / 4D sequencing | Direct user feedback — construction 3D/BIM/GIS","Mixed or negative user evidence","The discussion “Models Keep Jumping To Old Z Propertie After Changing” documents a concrete user problem in 3d/bim model viewing, showing that failure must be visible, recoverable, and supported with a stable reset path.","A dependable, understandable, source-aware 3d/bim model viewing workflow.","Reported friction or failure in 3d/bim model viewing; anecdotal scope is not treated as population prevalence.","Direct experience / substantial community discussion","4","5","5","1","Unverified","4","Keep 3d/bim model viewing discoverable, compact, and written in construction language.","Provide a complete 3d/bim model viewing workflow with persistence, visible status, and recovery.","Exercise the reported failure or friction as a first-time, returning, mobile, and interrupted user.","Other users and official documentation may report successful use; this record is retained as failure-mode evidence, not a prevalence claim.","Qualified",""
"S038","https://community.trimble.com/discussion/trimble-connect-slow-and-problem-with-measurements","Trimble Connect Slow And Problem With Measurements","Trimble Community","community.trimble.com","Not available or not required for qualification","Visible on source; exact date not retained","Not available","Thread or issue timestamp was inspected; record is not counted toward a recency quota without an exact retained date","2026-08-27","Direct user voice","Forum/community discussion","Trimble","Experienced BIM/3D software user or administrator","General or stated by source","Desktop and/or unspecified; mobile implications tagged separately where applicable","Measurement","Mobile use | Experienced / power user","BIM / digital twin / 4D sequencing | Direct user feedback — construction 3D/BIM/GIS","Mixed or negative user evidence","The discussion “Trimble Connect Slow And Problem With Measurements” documents a concrete user problem in measurement, showing that failure must be visible, recoverable, and supported with a stable reset path.","A dependable, understandable, source-aware measurement workflow.","Reported friction or failure in measurement; anecdotal scope is not treated as population prevalence.","Direct experience / substantial community discussion","4","5","4","1","Unverified","4","Keep measurement discoverable, compact, and written in construction language.","Provide a complete measurement workflow with persistence, visible status, and recovery.","Exercise the reported failure or friction as a first-time, returning, mobile, and interrupted user.","Other users and official documentation may report successful use; this record is retained as failure-mode evidence, not a prevalence claim.","Qualified",""
"S039","https://community.trimble.com/discussion/trimble-connect-for-browser-constantly-hanging","Trimble Connect For Browser Constantly Hanging","Trimble Community","community.trimble.com","Not available or not required for qualification","Visible on source; exact date not retained","Not available","Thread or issue timestamp was inspected; record is not counted toward a recency quota without an exact retained date","2026-08-27","Direct user voice","Forum/community discussion","Trimble","Experienced BIM/3D software user or administrator","General or stated by source","Desktop and/or unspecified; mobile implications tagged separately where applicable","Construction workflow and product operations","Mobile use | Experienced / power user","BIM / digital twin / 4D sequencing | Direct user feedback — construction 3D/BIM/GIS","Mixed or negative user evidence","The discussion “Trimble Connect For Browser Constantly Hanging” documents a concrete user problem in construction workflow and product operations, showing that failure must be visible, recoverable, and supported with a stable reset path.","A dependable, understandable, source-aware construction workflow and product operations workflow.","Reported friction or failure in construction workflow and product operations; anecdotal scope is not treated as population prevalence.","Direct experience / substantial community discussion","4","5","4","1","Unverified","4","Keep construction workflow and product operations discoverable, compact, and written in construction language.","Provide a complete construction workflow and product operations workflow with persistence, visible status, and recovery.","Exercise the reported failure or friction as a first-time, returning, mobile, and interrupted user.","Other users and official documentation may report successful use; this record is retained as failure-mode evidence, not a prevalence claim.","Qualified",""
"S040","https://community.trimble.com/discussion/pipes-and-conduits-not-loading-correctly-when-updating-the-model-to-trimble-connect","Pipes And Conduits Not Loading Correctly When Updating The Model To Trimble Connect","Trimble Community","community.trimble.com","Not available or not required for qualification","Visible on source; exact date not retained","Not available","Thread or issue timestamp was inspected; record is not counted toward a recency quota without an exact retained date","2026-08-27","Direct user voice","Forum/community discussion","Trimble","Experienced BIM/3D software user or administrator","General or stated by source","Desktop and/or unspecified; mobile implications tagged separately where applicable","3D/BIM model viewing","Mobile use | Experienced / power user","BIM / digital twin / 4D sequencing | Direct user feedback — construction 3D/BIM/GIS","Mixed or negative user evidence","The discussion “Pipes And Conduits Not Loading Correctly When Updating The Model To Trimble Connect” documents a concrete user problem in 3d/bim model viewing, showing that failure must be visible, recoverable, and supported with a stable reset path.","A dependable, understandable, source-aware 3d/bim model viewing workflow.","Reported friction or failure in 3d/bim model viewing; anecdotal scope is not treated as population prevalence.","Direct experience / substantial community discussion","4","5","5","1","Unverified","5","Keep 3d/bim model viewing discoverable, compact, and written in construction language.","Provide a complete 3d/bim model viewing workflow with persistence, visible status, and recovery.","Exercise the reported failure or friction as a first-time, returning, mobile, and interrupted user.","Other users and official documentation may report successful use; this record is retained as failure-mode evidence, not a prevalence claim.","Qualified",""
"S041","https://speckle.community/t/brave-browser-and-distance-measurement/23170","23170","Speckle Community","speckle.community","Not available or not required for qualification","Visible on source; exact date not retained","Not available","Thread or issue timestamp was inspected; record is not counted toward a recency quota without an exact retained date","2026-08-27","Direct user voice","Forum/community discussion","Speckle","Experienced BIM/3D software user or administrator","General or stated by source","Desktop and/or unspecified; mobile implications tagged separately where applicable","Measurement","Experienced / power user","BIM / digital twin / 4D sequencing | Direct user feedback — construction 3D/BIM/GIS","Mixed or negative user evidence","The discussion “23170” documents a concrete user problem in measurement, showing that failure must be visible, recoverable, and supported with a stable reset path.","A dependable, understandable, source-aware measurement workflow.","Reported friction or failure in measurement; anecdotal scope is not treated as population prevalence.","Direct experience / substantial community discussion","4","5","4","1","Unverified","4","Keep measurement discoverable, compact, and written in construction language.","Provide a complete measurement workflow with persistence, visible status, and recovery.","Exercise the reported failure or friction as a first-time, returning, mobile, and interrupted user.","Other users and official documentation may report successful use; this record is retained as failure-mode evidence, not a prevalence claim.","Qualified",""
"S042","https://speckle.community/t/the-viewer-is-running-slowly/23020","23020","Speckle Community","speckle.community","Not available or not required for qualification","2026-07-18","Not available","Date displayed in inspected content or publication","2026-08-27","Direct user voice","Forum/community discussion","Speckle","Experienced BIM/3D software user or administrator","General or stated by source","Desktop and/or unspecified; mobile implications tagged separately where applicable","3D performance","Experienced / power user","BIM / digital twin / 4D sequencing | Direct user feedback — construction 3D/BIM/GIS | Browser 3D / WebGL / large-model performance","Mixed or negative user evidence","The discussion “23020” documents a concrete user problem in 3d performance, showing that failure must be visible, recoverable, and supported with a stable reset path.","A dependable, understandable, source-aware 3d performance workflow.","Reported friction or failure in 3d performance; anecdotal scope is not treated as population prevalence.","Direct experience / substantial community discussion","4","5","4","5","Previous 12 months","4","Keep 3d performance discoverable, compact, and written in construction language.","Provide a complete 3d performance workflow with persistence, visible status, and recovery.","Exercise the reported failure or friction as a first-time, returning, mobile, and interrupted user.","Other users and official documentation may report successful use; this record is retained as failure-mode evidence, not a prevalence claim.","Qualified",""
"S043","https://speckle.community/t/failed-to-load-model-for-all-models/22778","22778","Speckle Community","speckle.community","Not available or not required for qualification","2026-07-10","Not available","Date displayed in inspected content or publication","2026-08-27","Direct user voice","Forum/community discussion","Speckle","Experienced BIM/3D software user or administrator","General or stated by source","Desktop and/or unspecified; mobile implications tagged separately where applicable","3D/BIM model viewing","Experienced / power user | Error / outage / recovery / reliability","BIM / digital twin / 4D sequencing | Direct user feedback — construction 3D/BIM/GIS","Mixed or negative user evidence","The discussion “22778” documents a concrete user problem in 3d/bim model viewing, showing that failure must be visible, recoverable, and supported with a stable reset path.","A dependable, understandable, source-aware 3d/bim model viewing workflow.","Reported friction or failure in 3d/bim model viewing; anecdotal scope is not treated as population prevalence.","Direct experience / substantial community discussion","4","5","5","5","Previous 12 months","5","Keep 3d/bim model viewing discoverable, compact, and written in construction language.","Provide a complete 3d/bim model viewing workflow with persistence, visible status, and recovery.","Exercise the reported failure or friction as a first-time, returning, mobile, and interrupted user.","Other users and official documentation may report successful use; this record is retained as failure-mode evidence, not a prevalence claim.","Qualified",""
"S044","https://speckle.community/t/speckle-model-loader-stuck-error/22300","22300","Speckle Community","speckle.community","Not available or not required for qualification","2026-05-19","Not available","Date displayed in inspected content or publication","2026-08-27","Direct user voice","Forum/community discussion","Speckle","Experienced BIM/3D software user or administrator","General or stated by source","Desktop and/or unspecified; mobile implications tagged separately where applicable","3D/BIM model viewing","Experienced / power user | Error / outage / recovery / reliability","BIM / digital twin / 4D sequencing | Direct user feedback — construction 3D/BIM/GIS | Browser 3D / WebGL / large-model performance","Mixed or negative user evidence","The discussion “22300” documents a concrete user problem in 3d/bim model viewing, showing that failure must be visible, recoverable, and supported with a stable reset path.","A dependable, understandable, source-aware 3d/bim model viewing workflow.","Reported friction or failure in 3d/bim model viewing; anecdotal scope is not treated as population prevalence.","Direct experience / substantial community discussion","4","5","5","5","Previous 12 months","5","Keep 3d/bim model viewing discoverable, compact, and written in construction language.","Provide a complete 3d/bim model viewing workflow with persistence, visible status, and recovery.","Exercise the reported failure or friction as a first-time, returning, mobile, and interrupted user.","Other users and official documentation may report successful use; this record is retained as failure-mode evidence, not a prevalence claim.","Qualified",""
"S045","https://speckle.community/t/ifc-imported-to-speckle-shows-in-web-viewer-but-revit-rhino-can-t-receive-conversion-error-no-native-geometry/22084","22084","Speckle Community","speckle.community","Not available or not required for qualification","Visible on source; exact date not retained","Not available","Thread or issue timestamp was inspected; record is not counted toward a recency quota without an exact retained date","2026-08-27","Direct user voice","Forum/community discussion","Speckle","Experienced BIM/3D software user or administrator","General or stated by source","Desktop and/or unspecified; mobile implications tagged separately where applicable","Error visibility and recovery","Experienced / power user | Error / outage / recovery / reliability","BIM / digital twin / 4D sequencing | Direct user feedback — construction 3D/BIM/GIS","Mixed or negative user evidence","The discussion “22084” documents a concrete user problem in error visibility and recovery, showing that failure must be visible, recoverable, and supported with a stable reset path.","A dependable, understandable, source-aware error visibility and recovery workflow.","Reported friction or failure in error visibility and recovery; anecdotal scope is not treated as population prevalence.","Direct experience / substantial community discussion","4","5","4","1","Unverified","5","Keep error visibility and recovery discoverable, compact, and written in construction language.","Provide a complete error visibility and recovery workflow with persistence, visible status, and recovery.","Exercise the reported failure or friction as a first-time, returning, mobile, and interrupted user.","Other users and official documentation may report successful use; this record is retained as failure-mode evidence, not a prevalence claim.","Qualified",""
"S046","https://speckle.community/t/mouse-lag-on-speckle-viewer/21361","21361","Speckle Community","speckle.community","Not available or not required for qualification","Visible on source; exact date not retained","Not available","Thread or issue timestamp was inspected; record is not counted toward a recency quota without an exact retained date","2026-08-27","Direct user voice","Forum/community discussion","Speckle","Experienced BIM/3D software user or administrator","General or stated by source","Desktop and/or unspecified; mobile implications tagged separately where applicable","Construction workflow and product operations","Experienced / power user","BIM / digital twin / 4D sequencing | Direct user feedback — construction 3D/BIM/GIS","Mixed or negative user evidence","The discussion “21361” documents a concrete user problem in construction workflow and product operations, showing that failure must be visible, recoverable, and supported with a stable reset path.","A dependable, understandable, source-aware construction workflow and product operations workflow.","Reported friction or failure in construction workflow and product operations; anecdotal scope is not treated as population prevalence.","Direct experience / substantial community discussion","4","5","4","1","Unverified","4","Keep construction workflow and product operations discoverable, compact, and written in construction language.","Provide a complete construction workflow and product operations workflow with persistence, visible status, and recovery.","Exercise the reported failure or friction as a first-time, returning, mobile, and interrupted user.","Other users and official documentation may report successful use; this record is retained as failure-mode evidence, not a prevalence claim.","Qualified",""
"S047","https://speckle.community/t/please-dont-take-my-demo-models-hostage/21687","21687","Speckle Community","speckle.community","Not available or not required for qualification","Visible on source; exact date not retained","Not available","Thread or issue timestamp was inspected; record is not counted toward a recency quota without an exact retained date","2026-08-27","Direct user voice","Forum/community discussion","Speckle","Experienced BIM/3D software user or administrator","General or stated by source","Desktop and/or unspecified; mobile implications tagged separately where applicable","3D/BIM model viewing","Experienced / power user","BIM / digital twin / 4D sequencing | Direct user feedback — construction 3D/BIM/GIS","Mixed or negative user evidence","The discussion “21687” documents a concrete user problem in 3d/bim model viewing, showing that failure must be visible, recoverable, and supported with a stable reset path.","A dependable, understandable, source-aware 3d/bim model viewing workflow.","Reported friction or failure in 3d/bim model viewing; anecdotal scope is not treated as population prevalence.","Direct experience / substantial community discussion","4","5","5","1","Unverified","5","Keep 3d/bim model viewing discoverable, compact, and written in construction language.","Provide a complete 3d/bim model viewing workflow with persistence, visible status, and recovery.","Exercise the reported failure or friction as a first-time, returning, mobile, and interrupted user.","Other users and official documentation may report successful use; this record is retained as failure-mode evidence, not a prevalence claim.","Qualified",""
"S048","https://speckle.community/t/visual-glitching-in-speckle-viewer-via-acc-direct-upload/21500","21500","Speckle Community","speckle.community","Not available or not required for qualification","Visible on source; exact date not retained","Not available","Thread or issue timestamp was inspected; record is not counted toward a recency quota without an exact retained date","2026-08-27","Direct user voice","Forum/community discussion","Speckle","Experienced BIM/3D software user or administrator","General or stated by source","Desktop and/or unspecified; mobile implications tagged separately where applicable","Plan upload and validation","Experienced / power user","BIM / digital twin / 4D sequencing | Direct user feedback — construction 3D/BIM/GIS","Mixed or negative user evidence","The discussion “21500” documents a concrete user problem in plan upload and validation, showing that failure must be visible, recoverable, and supported with a stable reset path.","A dependable, understandable, source-aware plan upload and validation workflow.","Reported friction or failure in plan upload and validation; anecdotal scope is not treated as population prevalence.","Direct experience / substantial community discussion","4","5","5","1","Unverified","4","Keep plan upload and validation discoverable, compact, and written in construction language.","Provide a complete plan upload and validation workflow with persistence, visible status, and recovery.","Exercise the reported failure or friction as a first-time, returning, mobile, and interrupted user.","Other users and official documentation may report successful use; this record is retained as failure-mode evidence, not a prevalence claim.","Qualified",""
"S049","https://speckle.community/t/speckle-viewer-for-history-of-geometry/13139","13139","Speckle Community","speckle.community","Not available or not required for qualification","Visible on source; exact date not retained","Not available","Thread or issue timestamp was inspected; record is not counted toward a recency quota without an exact retained date","2026-08-27","Direct user voice","Forum/community discussion","Speckle","Experienced BIM/3D software user or administrator","General or stated by source","Desktop and/or unspecified; mobile implications tagged separately where applicable","Construction workflow and product operations","Experienced / power user","BIM / digital twin / 4D sequencing | Direct user feedback — construction 3D/BIM/GIS","Mixed or negative user evidence","The discussion “13139” documents a concrete user problem in construction workflow and product operations, showing that failure must be visible, recoverable, and supported with a stable reset path.","A dependable, understandable, source-aware construction workflow and product operations workflow.","Reported friction or failure in construction workflow and product operations; anecdotal scope is not treated as population prevalence.","Direct experience / substantial community discussion","4","5","4","1","Unverified","4","Keep construction workflow and product operations discoverable, compact, and written in construction language.","Provide a complete construction workflow and product operations workflow with persistence, visible status, and recovery.","Exercise the reported failure or friction as a first-time, returning, mobile, and interrupted user.","Other users and official documentation may report successful use; this record is retained as failure-mode evidence, not a prevalence claim.","Qualified",""
"S050","https://speckle.community/t/get-global-offset-from-a-model/21373","21373","Speckle Community","speckle.community","Not available or not required for qualification","Visible on source; exact date not retained","Not available","Thread or issue timestamp was inspected; record is not counted toward a recency quota without an exact retained date","2026-08-27","Direct user voice","Forum/community discussion","Speckle","Experienced BIM/3D software user or administrator","General or stated by source","Desktop and/or unspecified; mobile implications tagged separately where applicable","3D/BIM model viewing","Experienced / power user","BIM / digital twin / 4D sequencing | Direct user feedback — construction 3D/BIM/GIS","Mixed or negative user evidence","The discussion “21373” documents a concrete user problem in 3d/bim model viewing, showing that failure must be visible, recoverable, and supported with a stable reset path.","A dependable, understandable, source-aware 3d/bim model viewing workflow.","Reported friction or failure in 3d/bim model viewing; anecdotal scope is not treated as population prevalence.","Direct experience / substantial community discussion","4","5","5","1","Unverified","4","Keep 3d/bim model viewing discoverable, compact, and written in construction language.","Provide a complete 3d/bim model viewing workflow with persistence, visible status, and recovery.","Exercise the reported failure or friction as a first-time, returning, mobile, and interrupted user.","Other users and official documentation may report successful use; this record is retained as failure-mode evidence, not a prevalence claim.","Qualified",""
"S051","https://forums.autodesk.com/t5/bim-360-support-forum/the-viewer-in-acc-doesn-t-update-the-model/td-p/12191057","12191057","Autodesk Community","forums.autodesk.com","Not available or not required for qualification","Visible on source; exact date not retained","Not available","Thread or issue timestamp was inspected; record is not counted toward a recency quota without an exact retained date","2026-08-27","Direct user voice","Forum/community discussion","Autodesk","Experienced BIM/3D software user or administrator","General or stated by source","Desktop and/or unspecified; mobile implications tagged separately where applicable","3D/BIM model viewing","Experienced / power user","BIM / digital twin / 4D sequencing | Direct user feedback — construction 3D/BIM/GIS","Mixed or negative user evidence","The discussion “12191057” documents a concrete user problem in 3d/bim model viewing, showing that failure must be visible, recoverable, and supported with a stable reset path.","A dependable, understandable, source-aware 3d/bim model viewing workflow.","Reported friction or failure in 3d/bim model viewing; anecdotal scope is not treated as population prevalence.","Direct experience / substantial community discussion","4","5","5","1","Unverified","4","Keep 3d/bim model viewing discoverable, compact, and written in construction language.","Provide a complete 3d/bim model viewing workflow with persistence, visible status, and recovery.","Exercise the reported failure or friction as a first-time, returning, mobile, and interrupted user.","Other users and official documentation may report successful use; this record is retained as failure-mode evidence, not a prevalence claim.","Qualified",""
"S052","https://forums.autodesk.com/t5/bim-360-support-forum/bim360-viewer-on-touchscreen/td-p/11026384","11026384","Autodesk Community","forums.autodesk.com","Not available or not required for qualification","Visible on source; exact date not retained","Not available","Thread or issue timestamp was inspected; record is not counted toward a recency quota without an exact retained date","2026-08-27","Direct user voice","Forum/community discussion","Autodesk","Superintendent, foreman, field engineer","General or stated by source","Mobile/tablet or narrow viewport","Mobile/touch 3D interaction","Mobile use | Experienced / power user","BIM / digital twin / 4D sequencing | Direct user feedback — construction 3D/BIM/GIS | Mapping / responsive / accessibility UX","Mixed or negative user evidence","The discussion “11026384” documents a concrete user problem in mobile/touch 3d interaction, showing that failure must be visible, recoverable, and supported with a stable reset path.","A dependable, understandable, source-aware mobile/touch 3d interaction workflow.","Reported friction or failure in mobile/touch 3d interaction; anecdotal scope is not treated as population prevalence.","Direct experience / substantial community discussion","4","5","5","1","Unverified","4","Keep mobile/touch 3d interaction discoverable, compact, and written in construction language.","Provide a complete mobile/touch 3d interaction workflow with persistence, visible status, and recovery.","Exercise the reported failure or friction as a first-time, returning, mobile, and interrupted user.","Other users and official documentation may report successful use; this record is retained as failure-mode evidence, not a prevalence claim.","Qualified",""
"S053","https://forums.autodesk.com/t5/bim-360-support-forum/view-quot-combined-model-quot-in-mobile-device/td-p/11211772","11211772","Autodesk Community","forums.autodesk.com","Not available or not required for qualification","Visible on source; exact date not retained","Not available","Thread or issue timestamp was inspected; record is not counted toward a recency quota without an exact retained date","2026-08-27","Direct user voice","Forum/community discussion","Autodesk","Superintendent, foreman, field engineer","General or stated by source","Mobile/tablet or narrow viewport","Mobile/touch 3D interaction","Mobile use | Experienced / power user","BIM / digital twin / 4D sequencing | Direct user feedback — construction 3D/BIM/GIS | Mapping / responsive / accessibility UX","Mixed or negative user evidence","The discussion “11211772” documents a concrete user problem in mobile/touch 3d interaction, showing that failure must be visible, recoverable, and supported with a stable reset path.","A dependable, understandable, source-aware mobile/touch 3d interaction workflow.","Reported friction or failure in mobile/touch 3d interaction; anecdotal scope is not treated as population prevalence.","Direct experience / substantial community discussion","4","5","5","1","Unverified","4","Keep mobile/touch 3d interaction discoverable, compact, and written in construction language.","Provide a complete mobile/touch 3d interaction workflow with persistence, visible status, and recovery.","Exercise the reported failure or friction as a first-time, returning, mobile, and interrupted user.","Other users and official documentation may report successful use; this record is retained as failure-mode evidence, not a prevalence claim.","Qualified",""
"S054","https://forums.autodesk.com/t5/bim-360-support-forum/select-multiple-objects-in-clash-view-bim360/td-p/12453690","12453690","Autodesk Community","forums.autodesk.com","Not available or not required for qualification","Visible on source; exact date not retained","Not available","Thread or issue timestamp was inspected; record is not counted toward a recency quota without an exact retained date","2026-08-27","Direct user voice","Forum/community discussion","Autodesk","Experienced BIM/3D software user or administrator","General or stated by source","Desktop and/or unspecified; mobile implications tagged separately where applicable","3D/BIM model viewing","Experienced / power user","BIM / digital twin / 4D sequencing | Direct user feedback — construction 3D/BIM/GIS","Mixed or negative user evidence","The discussion “12453690” documents a concrete user problem in 3d/bim model viewing, showing that failure must be visible, recoverable, and supported with a stable reset path.","A dependable, understandable, source-aware 3d/bim model viewing workflow.","Reported friction or failure in 3d/bim model viewing; anecdotal scope is not treated as population prevalence.","Direct experience / substantial community discussion","4","5","5","1","Unverified","4","Keep 3d/bim model viewing discoverable, compact, and written in construction language.","Provide a complete 3d/bim model viewing workflow with persistence, visible status, and recovery.","Exercise the reported failure or friction as a first-time, returning, mobile, and interrupted user.","Other users and official documentation may report successful use; this record is retained as failure-mode evidence, not a prevalence claim.","Qualified",""
"S055","https://community.bluebeam.com/discussion/6491/new-mobile-app-check-out-experince","New Mobile App Check Out Experince","Bluebeam Community","community.bluebeam.com","Not available or not required for qualification","Visible on source; exact date not retained","Not available","Thread or issue timestamp was inspected; record is not counted toward a recency quota without an exact retained date","2026-08-27","Direct user voice","Forum/community discussion","Bluebeam","Superintendent, foreman, field engineer","General or stated by source","Mobile/tablet or narrow viewport","Mobile/touch 3D interaction","Mobile use | Experienced / power user","Direct user feedback — construction 3D/BIM/GIS | Mapping / responsive / accessibility UX","Mixed or negative user evidence","The discussion “New Mobile App Check Out Experince” documents a concrete user problem in mobile/touch 3d interaction, showing that failure must be visible, recoverable, and supported with a stable reset path.","A dependable, understandable, source-aware mobile/touch 3d interaction workflow.","Reported friction or failure in mobile/touch 3d interaction; anecdotal scope is not treated as population prevalence.","Direct experience / substantial community discussion","4","5","5","1","Unverified","4","Keep mobile/touch 3d interaction discoverable, compact, and written in construction language.","Provide a complete mobile/touch 3d interaction workflow with persistence, visible status, and recovery.","Exercise the reported failure or friction as a first-time, returning, mobile, and interrupted user.","Other users and official documentation may report successful use; this record is retained as failure-mode evidence, not a prevalence claim.","Qualified",""
"S056","https://github.com/xeokit/xeokit-sdk/issues/1942","1942","GitHub","github.com","Not available or not required for qualification","2025-09-08","Not available","Date displayed in inspected content or publication","2026-08-27","Direct user voice","Bug/issue report","Xeokit","Experienced BIM/3D software user or administrator","General or stated by source","Desktop and/or unspecified; mobile implications tagged separately where applicable","Construction workflow and product operations","Experienced / power user | Error / outage / recovery / reliability","BIM / digital twin / 4D sequencing | Direct user feedback — construction 3D/BIM/GIS | Browser 3D / WebGL / large-model performance","Mixed or negative user evidence","The issue “1942” supplies technical failure evidence for construction workflow and product operations; Builder Assist needs a regression test and honest error or recovery state for the same failure class.","A dependable, understandable, source-aware construction workflow and product operations workflow.","Reported friction or failure in construction workflow and product operations; anecdotal scope is not treated as population prevalence.","Bug report with reproduction or technical discussion","4","5","4","5","Previous 12 months","4","Keep construction workflow and product operations discoverable, compact, and written in construction language.","Provide a complete construction workflow and product operations workflow with persistence, visible status, and recovery.","Exercise the reported failure or friction as a first-time, returning, mobile, and interrupted user.","Other users and official documentation may report successful use; this record is retained as failure-mode evidence, not a prevalence claim.","Qualified",""
"S057","https://github.com/xeokit/xeokit-sdk/issues/1946","1946","GitHub","github.com","Not available or not required for qualification","2025-09-18","Not available","Date displayed in inspected content or publication","2026-08-27","Direct user voice","Bug/issue report","Xeokit","Experienced BIM/3D software user or administrator","General or stated by source","Desktop and/or unspecified; mobile implications tagged separately where applicable","Construction workflow and product operations","Experienced / power user | Error / outage / recovery / reliability","BIM / digital twin / 4D sequencing | Direct user feedback — construction 3D/BIM/GIS | Browser 3D / WebGL / large-model performance","Mixed or negative user evidence","The issue “1946” supplies technical failure evidence for construction workflow and product operations; Builder Assist needs a regression test and honest error or recovery state for the same failure class.","A dependable, understandable, source-aware construction workflow and product operations workflow.","Reported friction or failure in construction workflow and product operations; anecdotal scope is not treated as population prevalence.","Bug report with reproduction or technical discussion","4","5","4","5","Previous 12 months","4","Keep construction workflow and product operations discoverable, compact, and written in construction language.","Provide a complete construction workflow and product operations workflow with persistence, visible status, and recovery.","Exercise the reported failure or friction as a first-time, returning, mobile, and interrupted user.","Other users and official documentation may report successful use; this record is retained as failure-mode evidence, not a prevalence claim.","Qualified",""
"S058","https://github.com/specklesystems/speckle-server/issues/1471","1471","GitHub","github.com","Not available or not required for qualification","Visible on source; exact date not retained","Not available","Thread or issue timestamp was inspected; record is not counted toward a recency quota without an exact retained date","2026-08-27","Direct user voice","Bug/issue report","Speckle","Experienced BIM/3D software user or administrator","General or stated by source","Desktop and/or unspecified; mobile implications tagged separately where applicable","Construction workflow and product operations","Experienced / power user | Error / outage / recovery / reliability","BIM / digital twin / 4D sequencing | Direct user feedback — construction 3D/BIM/GIS","Mixed or negative user evidence","The issue “1471” supplies technical failure evidence for construction workflow and product operations; Builder Assist needs a regression test and honest error or recovery state for the same failure class.","A dependable, understandable, source-aware construction workflow and product operations workflow.","Reported friction or failure in construction workflow and product operations; anecdotal scope is not treated as population prevalence.","Bug report with reproduction or technical discussion","4","5","4","1","Unverified","4","Keep construction workflow and product operations discoverable, compact, and written in construction language.","Provide a complete construction workflow and product operations workflow with persistence, visible status, and recovery.","Exercise the reported failure or friction as a first-time, returning, mobile, and interrupted user.","Other users and official documentation may report successful use; this record is retained as failure-mode evidence, not a prevalence claim.","Qualified",""
"S059","https://github.com/xeokit/xeokit-sdk/issues/559","559","GitHub","github.com","Not available or not required for qualification","Visible on source; exact date not retained","Not available","Thread or issue timestamp was inspected; record is not counted toward a recency quota without an exact retained date","2026-08-27","Direct user voice","Bug/issue report","Xeokit","Experienced BIM/3D software user or administrator","General or stated by source","Desktop and/or unspecified; mobile implications tagged separately where applicable","Construction workflow and product operations","Experienced / power user | Error / outage / recovery / reliability","BIM / digital twin / 4D sequencing | Direct user feedback — construction 3D/BIM/GIS | Browser 3D / WebGL / large-model performance","Mixed or negative user evidence","The issue “559” supplies technical failure evidence for construction workflow and product operations; Builder Assist needs a regression test and honest error or recovery state for the same failure class.","A dependable, understandable, source-aware construction workflow and product operations workflow.","Reported friction or failure in construction workflow and product operations; anecdotal scope is not treated as population prevalence.","Bug report with reproduction or technical discussion","4","5","4","1","Unverified","4","Keep construction workflow and product operations discoverable, compact, and written in construction language.","Provide a complete construction workflow and product operations workflow with persistence, visible status, and recovery.","Exercise the reported failure or friction as a first-time, returning, mobile, and interrupted user.","Other users and official documentation may report successful use; this record is retained as failure-mode evidence, not a prevalence claim.","Qualified",""
"S060","https://github.com/specklesystems/speckle-server/issues/505","505","GitHub","github.com","Not available or not required for qualification","Visible on source; exact date not retained","Not available","Thread or issue timestamp was inspected; record is not counted toward a recency quota without an exact retained date","2026-08-27","Direct user voice","Bug/issue report","Speckle","Experienced BIM/3D software user or administrator","General or stated by source","Desktop and/or unspecified; mobile implications tagged separately where applicable","Construction workflow and product operations","Experienced / power user | Error / outage / recovery / reliability","BIM / digital twin / 4D sequencing | Direct user feedback — construction 3D/BIM/GIS","Mixed or negative user evidence","The issue “505” supplies technical failure evidence for construction workflow and product operations; Builder Assist needs a regression test and honest error or recovery state for the same failure class.","A dependable, understandable, source-aware construction workflow and product operations workflow.","Reported friction or failure in construction workflow and product operations; anecdotal scope is not treated as population prevalence.","Bug report with reproduction or technical discussion","4","5","4","1","Unverified","4","Keep construction workflow and product operations discoverable, compact, and written in construction language.","Provide a complete construction workflow and product operations workflow with persistence, visible status, and recovery.","Exercise the reported failure or friction as a first-time, returning, mobile, and interrupted user.","Other users and official documentation may report successful use; this record is retained as failure-mode evidence, not a prevalence claim.","Qualified",""
"S061","https://github.com/specklesystems/speckle-server/issues/5735","5735","GitHub","github.com","Not available or not required for qualification","2026-01-08","Not available","Date displayed in inspected content or publication","2026-08-27","Direct user voice","Bug/issue report","Speckle","Experienced BIM/3D software user or administrator","General or stated by source","Desktop and/or unspecified; mobile implications tagged separately where applicable","Construction workflow and product operations","Experienced / power user | Error / outage / recovery / reliability","BIM / digital twin / 4D sequencing | Direct user feedback — construction 3D/BIM/GIS","Mixed or negative user evidence","The issue “5735” supplies technical failure evidence for construction workflow and product operations; Builder Assist needs a regression test and honest error or recovery state for the same failure class.","A dependable, understandable, source-aware construction workflow and product operations workflow.","Reported friction or failure in construction workflow and product operations; anecdotal scope is not treated as population prevalence.","Bug report with reproduction or technical discussion","4","5","4","5","Previous 12 months","4","Keep construction workflow and product operations discoverable, compact, and written in construction language.","Provide a complete construction workflow and product operations workflow with persistence, visible status, and recovery.","Exercise the reported failure or friction as a first-time, returning, mobile, and interrupted user.","Other users and official documentation may report successful use; this record is retained as failure-mode evidence, not a prevalence claim.","Qualified",""
"S062","https://github.com/specklesystems/speckle-server/issues/2520","2520","GitHub","github.com","Not available or not required for qualification","Visible on source; exact date not retained","Not available","Thread or issue timestamp was inspected; record is not counted toward a recency quota without an exact retained date","2026-08-27","Direct user voice","Bug/issue report","Speckle","Experienced BIM/3D software user or administrator","General or stated by source","Desktop and/or unspecified; mobile implications tagged separately where applicable","Construction workflow and product operations","Experienced / power user | Error / outage / recovery / reliability","BIM / digital twin / 4D sequencing | Direct user feedback — construction 3D/BIM/GIS","Mixed or negative user evidence","The issue “2520” supplies technical failure evidence for construction workflow and product operations; Builder Assist needs a regression test and honest error or recovery state for the same failure class.","A dependable, understandable, source-aware construction workflow and product operations workflow.","Reported friction or failure in construction workflow and product operations; anecdotal scope is not treated as population prevalence.","Bug report with reproduction or technical discussion","4","5","4","1","Unverified","4","Keep construction workflow and product operations discoverable, compact, and written in construction language.","Provide a complete construction workflow and product operations workflow with persistence, visible status, and recovery.","Exercise the reported failure or friction as a first-time, returning, mobile, and interrupted user.","Other users and official documentation may report successful use; this record is retained as failure-mode evidence, not a prevalence claim.","Qualified",""
"S063","https://github.com/xeokit/xeokit-sdk/issues/347","347","GitHub","github.com","Not available or not required for qualification","Visible on source; exact date not retained","Not available","Thread or issue timestamp was inspected; record is not counted toward a recency quota without an exact retained date","2026-08-27","Direct user voice","Bug/issue report","Xeokit","Experienced BIM/3D software user or administrator","General or stated by source","Desktop and/or unspecified; mobile implications tagged separately where applicable","Construction workflow and product operations","Experienced / power user | Error / outage / recovery / reliability","BIM / digital twin / 4D sequencing | Direct user feedback — construction 3D/BIM/GIS | Browser 3D / WebGL / large-model performance","Mixed or negative user evidence","The issue “347” supplies technical failure evidence for construction workflow and product operations; Builder Assist needs a regression test and honest error or recovery state for the same failure class.","A dependable, understandable, source-aware construction workflow and product operations workflow.","Reported friction or failure in construction workflow and product operations; anecdotal scope is not treated as population prevalence.","Bug report with reproduction or technical discussion","4","5","4","1","Unverified","4","Keep construction workflow and product operations discoverable, compact, and written in construction language.","Provide a complete construction workflow and product operations workflow with persistence, visible status, and recovery.","Exercise the reported failure or friction as a first-time, returning, mobile, and interrupted user.","Other users and official documentation may report successful use; this record is retained as failure-mode evidence, not a prevalence claim.","Qualified",""
"S064","https://github.com/ThatOpen/engine_web-ifc/issues/1999","1999","GitHub","github.com","Not available or not required for qualification","2026-05-19","Not available","Date displayed in inspected content or publication","2026-08-27","Direct user voice","Bug/issue report","Web-Ifc","Experienced BIM/3D software user or administrator","General or stated by source","Desktop and/or unspecified; mobile implications tagged separately where applicable","Construction workflow and product operations","Experienced / power user | Error / outage / recovery / reliability","BIM / digital twin / 4D sequencing | Browser 3D / WebGL / large-model performance","Mixed or negative user evidence","The issue “1999” supplies technical failure evidence for construction workflow and product operations; Builder Assist needs a regression test and honest error or recovery state for the same failure class.","A dependable, understandable, source-aware construction workflow and product operations workflow.","Reported friction or failure in construction workflow and product operations; anecdotal scope is not treated as population prevalence.","Bug report with reproduction or technical discussion","4","5","4","5","Previous 12 months","4","Keep construction workflow and product operations discoverable, compact, and written in construction language.","Provide a complete construction workflow and product operations workflow with persistence, visible status, and recovery.","Exercise the reported failure or friction as a first-time, returning, mobile, and interrupted user.","Other users and official documentation may report successful use; this record is retained as failure-mode evidence, not a prevalence claim.","Qualified",""
"S065","https://github.com/xeokit/xeokit-sdk/issues/540","540","GitHub","github.com","Not available or not required for qualification","Visible on source; exact date not retained","Not available","Thread or issue timestamp was inspected; record is not counted toward a recency quota without an exact retained date","2026-08-27","Direct user voice","Bug/issue report","Xeokit","Experienced BIM/3D software user or administrator","General or stated by source","Desktop and/or unspecified; mobile implications tagged separately where applicable","Construction workflow and product operations","Experienced / power user | Error / outage / recovery / reliability","BIM / digital twin / 4D sequencing | Direct user feedback — construction 3D/BIM/GIS | Browser 3D / WebGL / large-model performance","Mixed or negative user evidence","The issue “540” supplies technical failure evidence for construction workflow and product operations; Builder Assist needs a regression test and honest error or recovery state for the same failure class.","A dependable, understandable, source-aware construction workflow and product operations workflow.","Reported friction or failure in construction workflow and product operations; anecdotal scope is not treated as population prevalence.","Bug report with reproduction or technical discussion","4","5","4","1","Unverified","4","Keep construction workflow and product operations discoverable, compact, and written in construction language.","Provide a complete construction workflow and product operations workflow with persistence, visible status, and recovery.","Exercise the reported failure or friction as a first-time, returning, mobile, and interrupted user.","Other users and official documentation may report successful use; this record is retained as failure-mode evidence, not a prevalence claim.","Qualified",""
"S066","https://github.com/ThatOpen/engine_web-ifc/issues/2097","2097","GitHub","github.com","Not available or not required for qualification","Visible on source; exact date not retained","Not available","Thread or issue timestamp was inspected; record is not counted toward a recency quota without an exact retained date","2026-08-27","Direct user voice","Bug/issue report","Web-Ifc","Experienced BIM/3D software user or administrator","General or stated by source","Desktop and/or unspecified; mobile implications tagged separately where applicable","Construction workflow and product operations","Experienced / power user | Error / outage / recovery / reliability","BIM / digital twin / 4D sequencing | Browser 3D / WebGL / large-model performance","Mixed or negative user evidence","The issue “2097” supplies technical failure evidence for construction workflow and product operations; Builder Assist needs a regression test and honest error or recovery state for the same failure class.","A dependable, understandable, source-aware construction workflow and product operations workflow.","Reported friction or failure in construction workflow and product operations; anecdotal scope is not treated as population prevalence.","Bug report with reproduction or technical discussion","4","5","4","1","Unverified","4","Keep construction workflow and product operations discoverable, compact, and written in construction language.","Provide a complete construction workflow and product operations workflow with persistence, visible status, and recovery.","Exercise the reported failure or friction as a first-time, returning, mobile, and interrupted user.","Other users and official documentation may report successful use; this record is retained as failure-mode evidence, not a prevalence claim.","Qualified",""
"S067","https://github.com/xeokit/xeokit-sdk/issues/503","503","GitHub","github.com","Not available or not required for qualification","Visible on source; exact date not retained","Not available","Thread or issue timestamp was inspected; record is not counted toward a recency quota without an exact retained date","2026-08-27","Direct user voice","Bug/issue report","Xeokit","Experienced BIM/3D software user or administrator","General or stated by source","Desktop and/or unspecified; mobile implications tagged separately where applicable","Construction workflow and product operations","Experienced / power user | Error / outage / recovery / reliability","BIM / digital twin / 4D sequencing | Direct user feedback — construction 3D/BIM/GIS | Browser 3D / WebGL / large-model performance","Mixed or negative user evidence","The issue “503” supplies technical failure evidence for construction workflow and product operations; Builder Assist needs a regression test and honest error or recovery state for the same failure class.","A dependable, understandable, source-aware construction workflow and product operations workflow.","Reported friction or failure in construction workflow and product operations; anecdotal scope is not treated as population prevalence.","Bug report with reproduction or technical discussion","4","5","4","1","Unverified","4","Keep construction workflow and product operations discoverable, compact, and written in construction language.","Provide a complete construction workflow and product operations workflow with persistence, visible status, and recovery.","Exercise the reported failure or friction as a first-time, returning, mobile, and interrupted user.","Other users and official documentation may report successful use; this record is retained as failure-mode evidence, not a prevalence claim.","Qualified",""
"S068","https://github.com/xeokit/xeokit-sdk/issues/875","875","GitHub","github.com","Not available or not required for qualification","Visible on source; exact date not retained","Not available","Thread or issue timestamp was inspected; record is not counted toward a recency quota without an exact retained date","2026-08-27","Direct user voice","Bug/issue report","Xeokit","Experienced BIM/3D software user or administrator","General or stated by source","Desktop and/or unspecified; mobile implications tagged separately where applicable","Construction workflow and product operations","Experienced / power user | Error / outage / recovery / reliability","BIM / digital twin / 4D sequencing | Direct user feedback — construction 3D/BIM/GIS | Browser 3D / WebGL / large-model performance","Mixed or negative user evidence","The issue “875” supplies technical failure evidence for construction workflow and product operations; Builder Assist needs a regression test and honest error or recovery state for the same failure class.","A dependable, understandable, source-aware construction workflow and product operations workflow.","Reported friction or failure in construction workflow and product operations; anecdotal scope is not treated as population prevalence.","Bug report with reproduction or technical discussion","4","5","4","1","Unverified","4","Keep construction workflow and product operations discoverable, compact, and written in construction language.","Provide a complete construction workflow and product operations workflow with persistence, visible status, and recovery.","Exercise the reported failure or friction as a first-time, returning, mobile, and interrupted user.","Other users and official documentation may report successful use; this record is retained as failure-mode evidence, not a prevalence claim.","Qualified",""
"S069","https://github.com/specklesystems/speckle-server/issues/1312","1312","GitHub","github.com","Not available or not required for qualification","Visible on source; exact date not retained","Not available","Thread or issue timestamp was inspected; record is not counted toward a recency quota without an exact retained date","2026-08-27","Direct user voice","Bug/issue report","Speckle","Experienced BIM/3D software user or administrator","General or stated by source","Desktop and/or unspecified; mobile implications tagged separately where applicable","Construction workflow and product operations","Experienced / power user | Error / outage / recovery / reliability","BIM / digital twin / 4D sequencing | Direct user feedback — construction 3D/BIM/GIS","Mixed or negative user evidence","The issue “1312” supplies technical failure evidence for construction workflow and product operations; Builder Assist needs a regression test and honest error or recovery state for the same failure class.","A dependable, understandable, source-aware construction workflow and product operations workflow.","Reported friction or failure in construction workflow and product operations; anecdotal scope is not treated as population prevalence.","Bug report with reproduction or technical discussion","4","5","4","1","Unverified","4","Keep construction workflow and product operations discoverable, compact, and written in construction language.","Provide a complete construction workflow and product operations workflow with persistence, visible status, and recovery.","Exercise the reported failure or friction as a first-time, returning, mobile, and interrupted user.","Other users and official documentation may report successful use; this record is retained as failure-mode evidence, not a prevalence claim.","Qualified",""
"S070","https://github.com/xeokit/xeokit-sdk/issues/1438","1438","GitHub","github.com","Not available or not required for qualification","Visible on source; exact date not retained","Not available","Thread or issue timestamp was inspected; record is not counted toward a recency quota without an exact retained date","2026-08-27","Direct user voice","Bug/issue report","Xeokit","Experienced BIM/3D software user or administrator","General or stated by source","Desktop and/or unspecified; mobile implications tagged separately where applicable","Construction workflow and product operations","Experienced / power user | Error / outage / recovery / reliability","BIM / digital twin / 4D sequencing | Direct user feedback — construction 3D/BIM/GIS | Browser 3D / WebGL / large-model performance","Mixed or negative user evidence","The issue “1438” supplies technical failure evidence for construction workflow and product operations; Builder Assist needs a regression test and honest error or recovery state for the same failure class.","A dependable, understandable, source-aware construction workflow and product operations workflow.","Reported friction or failure in construction workflow and product operations; anecdotal scope is not treated as population prevalence.","Bug report with reproduction or technical discussion","4","5","4","1","Unverified","4","Keep construction workflow and product operations discoverable, compact, and written in construction language.","Provide a complete construction workflow and product operations workflow with persistence, visible status, and recovery.","Exercise the reported failure or friction as a first-time, returning, mobile, and interrupted user.","Other users and official documentation may report successful use; this record is retained as failure-mode evidence, not a prevalence claim.","Qualified",""
"S071","https://github.com/specklesystems/speckle-server/issues/1159","1159","GitHub","github.com","Not available or not required for qualification","Visible on source; exact date not retained","Not available","Thread or issue timestamp was inspected; record is not counted toward a recency quota without an exact retained date","2026-08-27","Direct user voice","Bug/issue report","Speckle","Experienced BIM/3D software user or administrator","General or stated by source","Desktop and/or unspecified; mobile implications tagged separately where applicable","Construction workflow and product operations","Experienced / power user | Error / outage / recovery / reliability","BIM / digital twin / 4D sequencing | Direct user feedback — construction 3D/BIM/GIS","Mixed or negative user evidence","The issue “1159” supplies technical failure evidence for construction workflow and product operations; Builder Assist needs a regression test and honest error or recovery state for the same failure class.","A dependable, understandable, source-aware construction workflow and product operations workflow.","Reported friction or failure in construction workflow and product operations; anecdotal scope is not treated as population prevalence.","Bug report with reproduction or technical discussion","4","5","4","1","Unverified","4","Keep construction workflow and product operations discoverable, compact, and written in construction language.","Provide a complete construction workflow and product operations workflow with persistence, visible status, and recovery.","Exercise the reported failure or friction as a first-time, returning, mobile, and interrupted user.","Other users and official documentation may report successful use; this record is retained as failure-mode evidence, not a prevalence claim.","Qualified",""
"S072","https://github.com/xeokit/xeokit-sdk/issues/438","438","GitHub","github.com","Not available or not required for qualification","Visible on source; exact date not retained","Not available","Thread or issue timestamp was inspected; record is not counted toward a recency quota without an exact retained date","2026-08-27","Direct user voice","Bug/issue report","Xeokit","Experienced BIM/3D software user or administrator","General or stated by source","Desktop and/or unspecified; mobile implications tagged separately where applicable","Construction workflow and product operations","Experienced / power user | Error / outage / recovery / reliability","BIM / digital twin / 4D sequencing | Direct user feedback — construction 3D/BIM/GIS | Browser 3D / WebGL / large-model performance","Mixed or negative user evidence","The issue “438” supplies technical failure evidence for construction workflow and product operations; Builder Assist needs a regression test and honest error or recovery state for the same failure class.","A dependable, understandable, source-aware construction workflow and product operations workflow.","Reported friction or failure in construction workflow and product operations; anecdotal scope is not treated as population prevalence.","Bug report with reproduction or technical discussion","4","5","4","1","Unverified","4","Keep construction workflow and product operations discoverable, compact, and written in construction language.","Provide a complete construction workflow and product operations workflow with persistence, visible status, and recovery.","Exercise the reported failure or friction as a first-time, returning, mobile, and interrupted user.","Other users and official documentation may report successful use; this record is retained as failure-mode evidence, not a prevalence claim.","Qualified",""
"S073","https://github.com/ThatOpen/engine_web-ifc/issues/590","590","GitHub","github.com","Not available or not required for qualification","Visible on source; exact date not retained","Not available","Thread or issue timestamp was inspected; record is not counted toward a recency quota without an exact retained date","2026-08-27","Direct user voice","Bug/issue report","Web-Ifc","Experienced BIM/3D software user or administrator","General or stated by source","Desktop and/or unspecified; mobile implications tagged separately where applicable","Construction workflow and product operations","Experienced / power user | Error / outage / recovery / reliability","BIM / digital twin / 4D sequencing | Browser 3D / WebGL / large-model performance","Mixed or negative user evidence","The issue “590” supplies technical failure evidence for construction workflow and product operations; Builder Assist needs a regression test and honest error or recovery state for the same failure class.","A dependable, understandable, source-aware construction workflow and product operations workflow.","Reported friction or failure in construction workflow and product operations; anecdotal scope is not treated as population prevalence.","Bug report with reproduction or technical discussion","4","5","4","1","Unverified","4","Keep construction workflow and product operations discoverable, compact, and written in construction language.","Provide a complete construction workflow and product operations workflow with persistence, visible status, and recovery.","Exercise the reported failure or friction as a first-time, returning, mobile, and interrupted user.","Other users and official documentation may report successful use; this record is retained as failure-mode evidence, not a prevalence claim.","Qualified",""
"S074","https://github.com/xeokit/xeokit-sdk/issues/1314","1314","GitHub","github.com","Not available or not required for qualification","Visible on source; exact date not retained","Not available","Thread or issue timestamp was inspected; record is not counted toward a recency quota without an exact retained date","2026-08-27","Direct user voice","Bug/issue report","Xeokit","Experienced BIM/3D software user or administrator","General or stated by source","Desktop and/or unspecified; mobile implications tagged separately where applicable","Construction workflow and product operations","Experienced / power user | Error / outage / recovery / reliability","BIM / digital twin / 4D sequencing | Direct user feedback — construction 3D/BIM/GIS | Browser 3D / WebGL / large-model performance","Mixed or negative user evidence","The issue “1314” supplies technical failure evidence for construction workflow and product operations; Builder Assist needs a regression test and honest error or recovery state for the same failure class.","A dependable, understandable, source-aware construction workflow and product operations workflow.","Reported friction or failure in construction workflow and product operations; anecdotal scope is not treated as population prevalence.","Bug report with reproduction or technical discussion","4","5","4","1","Unverified","4","Keep construction workflow and product operations discoverable, compact, and written in construction language.","Provide a complete construction workflow and product operations workflow with persistence, visible status, and recovery.","Exercise the reported failure or friction as a first-time, returning, mobile, and interrupted user.","Other users and official documentation may report successful use; this record is retained as failure-mode evidence, not a prevalence claim.","Qualified",""
"S075","https://github.com/xeokit/xeokit-sdk/issues/1183","1183","GitHub","github.com","Not available or not required for qualification","Visible on source; exact date not retained","Not available","Thread or issue timestamp was inspected; record is not counted toward a recency quota without an exact retained date","2026-08-27","Direct user voice","Bug/issue report","Xeokit","Experienced BIM/3D software user or administrator","General or stated by source","Desktop and/or unspecified; mobile implications tagged separately where applicable","Construction workflow and product operations","Experienced / power user | Error / outage / recovery / reliability","BIM / digital twin / 4D sequencing | Direct user feedback — construction 3D/BIM/GIS | Browser 3D / WebGL / large-model performance","Mixed or negative user evidence","The issue “1183” supplies technical failure evidence for construction workflow and product operations; Builder Assist needs a regression test and honest error or recovery state for the same failure class.","A dependable, understandable, source-aware construction workflow and product operations workflow.","Reported friction or failure in construction workflow and product operations; anecdotal scope is not treated as population prevalence.","Bug report with reproduction or technical discussion","4","5","4","1","Unverified","4","Keep construction workflow and product operations discoverable, compact, and written in construction language.","Provide a complete construction workflow and product operations workflow with persistence, visible status, and recovery.","Exercise the reported failure or friction as a first-time, returning, mobile, and interrupted user.","Other users and official documentation may report successful use; this record is retained as failure-mode evidence, not a prevalence claim.","Qualified",""
"S076","https://www.reddit.com/r/estimators/comments/1v64x0x/do_not_trust_ai_with_takeoffs_or_anyone_who_says/","Do Not Trust AI With Takeoffs Or Anyone Who Says","Reddit","reddit.com","Not available or not required for qualification","2026-07","Not available","Date displayed in inspected content or publication","2026-08-27","Direct user voice","Public social discussion","Builder Assist category or adjacent operational SaaS","Construction practitioner or software customer","General or stated by source","Desktop and/or unspecified; mobile implications tagged separately where applicable","Construction workflow and product operations","Privacy / security / trust","","Mixed or negative user evidence","First-person discussion “Do Not Trust AI With Takeoffs Or Anyone Who Says” highlights trust, workload, or coordination concerns in real estimating and field work; AI-derived output must remain reviewable and source-traceable.","A dependable, understandable, source-aware construction workflow and product operations workflow.","Reported friction or failure in construction workflow and product operations; anecdotal scope is not treated as population prevalence.","Anecdotal first-person public discussion","4","5","4","5","Previous 12 months","4","Keep construction workflow and product operations discoverable, compact, and written in construction language.","Provide a complete construction workflow and product operations workflow with persistence, visible status, and recovery.","Exercise the reported failure or friction as a first-time, returning, mobile, and interrupted user.","Other users and official documentation may report successful use; this record is retained as failure-mode evidence, not a prevalence claim.","Qualified",""
"S077","https://www.reddit.com/r/estimators/comments/1vrzp8d/dude_i_am_so_fucking_fed_up_being_picked_apart/","Dude I Am So Fucking Fed Up Being Picked Apart","Reddit","reddit.com","Not available or not required for qualification","Visible on source; exact date not retained","Not available","Thread or issue timestamp was inspected; record is not counted toward a recency quota without an exact retained date","2026-08-27","Direct user voice","Public social discussion","Builder Assist category or adjacent operational SaaS","Construction practitioner or software customer","General or stated by source","Desktop and/or unspecified; mobile implications tagged separately where applicable","Construction workflow and product operations","","","Mixed or negative user evidence","First-person discussion “Dude I Am So Fucking Fed Up Being Picked Apart” highlights trust, workload, or coordination concerns in real estimating and field work; AI-derived output must remain reviewable and source-traceable.","A dependable, understandable, source-aware construction workflow and product operations workflow.","Reported friction or failure in construction workflow and product operations; anecdotal scope is not treated as population prevalence.","Anecdotal first-person public discussion","4","5","4","1","Unverified","4","Keep construction workflow and product operations discoverable, compact, and written in construction language.","Provide a complete construction workflow and product operations workflow with persistence, visible status, and recovery.","Exercise the reported failure or friction as a first-time, returning, mobile, and interrupted user.","Other users and official documentation may report successful use; this record is retained as failure-mode evidence, not a prevalence claim.","Qualified",""
"S078","https://www.reddit.com/r/estimators/comments/1vwe6hr/bid_season_burnout_how_do_i_continue/","Bid Season Burnout How Do I Continue","Reddit","reddit.com","Not available or not required for qualification","Visible on source; exact date not retained","Not available","Thread or issue timestamp was inspected; record is not counted toward a recency quota without an exact retained date","2026-08-27","Direct user voice","Public social discussion","Builder Assist category or adjacent operational SaaS","Construction practitioner or software customer","General or stated by source","Desktop and/or unspecified; mobile implications tagged separately where applicable","Construction workflow and product operations","","","Mixed or negative user evidence","First-person discussion “Bid Season Burnout How Do I Continue” highlights trust, workload, or coordination concerns in real estimating and field work; AI-derived output must remain reviewable and source-traceable.","A dependable, understandable, source-aware construction workflow and product operations workflow.","Reported friction or failure in construction workflow and product operations; anecdotal scope is not treated as population prevalence.","Anecdotal first-person public discussion","4","5","4","1","Unverified","4","Keep construction workflow and product operations discoverable, compact, and written in construction language.","Provide a complete construction workflow and product operations workflow with persistence, visible status, and recovery.","Exercise the reported failure or friction as a first-time, returning, mobile, and interrupted user.","Other users and official documentation may report successful use; this record is retained as failure-mode evidence, not a prevalence claim.","Qualified",""
"S079","https://www.reddit.com/r/estimators/comments/1vuinx0/gc_i_work_for_is_wanting_to_streamline_our_design/","Gc I Work For Is Wanting To Streamline Our Design","Reddit","reddit.com","Not available or not required for qualification","Visible on source; exact date not retained","Not available","Thread or issue timestamp was inspected; record is not counted toward a recency quota without an exact retained date","2026-08-27","Direct user voice","Public social discussion","Builder Assist category or adjacent operational SaaS","Construction practitioner or software customer","General or stated by source","Desktop and/or unspecified; mobile implications tagged separately where applicable","Construction workflow and product operations","","","Mixed or negative user evidence","First-person discussion “Gc I Work For Is Wanting To Streamline Our Design” highlights trust, workload, or coordination concerns in real estimating and field work; AI-derived output must remain reviewable and source-traceable.","A dependable, understandable, source-aware construction workflow and product operations workflow.","Reported friction or failure in construction workflow and product operations; anecdotal scope is not treated as population prevalence.","Anecdotal first-person public discussion","4","5","4","1","Unverified","4","Keep construction workflow and product operations discoverable, compact, and written in construction language.","Provide a complete construction workflow and product operations workflow with persistence, visible status, and recovery.","Exercise the reported failure or friction as a first-time, returning, mobile, and interrupted user.","Other users and official documentation may report successful use; this record is retained as failure-mode evidence, not a prevalence claim.","Qualified",""
"S080","https://www.reddit.com/r/estimators/comments/1vu7j7d/looking_for_an_ai_tool_that_can_actually_detect/","Looking For An AI Tool That Can Actually Detect","Reddit","reddit.com","Not available or not required for qualification","Visible on source; exact date not retained","Not available","Thread or issue timestamp was inspected; record is not counted toward a recency quota without an exact retained date","2026-08-27","Direct user voice","Public social discussion","Builder Assist category or adjacent operational SaaS","Construction practitioner or software customer","General or stated by source","Desktop and/or unspecified; mobile implications tagged separately where applicable","Construction workflow and product operations","","","Mixed or negative user evidence","First-person discussion “Looking For An AI Tool That Can Actually Detect” highlights trust, workload, or coordination concerns in real estimating and field work; AI-derived output must remain reviewable and source-traceable.","A dependable, understandable, source-aware construction workflow and product operations workflow.","Reported friction or failure in construction workflow and product operations; anecdotal scope is not treated as population prevalence.","Anecdotal first-person public discussion","4","5","4","1","Unverified","4","Keep construction workflow and product operations discoverable, compact, and written in construction language.","Provide a complete construction workflow and product operations workflow with persistence, visible status, and recovery.","Exercise the reported failure or friction as a first-time, returning, mobile, and interrupted user.","Other users and official documentation may report successful use; this record is retained as failure-mode evidence, not a prevalence claim.","Qualified",""
"S081","https://www.reddit.com/r/estimators/comments/1vtivei/the_bid_process_is_dead/","The Bid Process Is Dead","Reddit","reddit.com","Not available or not required for qualification","Visible on source; exact date not retained","Not available","Thread or issue timestamp was inspected; record is not counted toward a recency quota without an exact retained date","2026-08-27","Direct user voice","Public social discussion","Builder Assist category or adjacent operational SaaS","Construction practitioner or software customer","General or stated by source","Desktop and/or unspecified; mobile implications tagged separately where applicable","Construction workflow and product operations","","","Mixed or negative user evidence","First-person discussion “The Bid Process Is Dead” highlights trust, workload, or coordination concerns in real estimating and field work; AI-derived output must remain reviewable and source-traceable.","A dependable, understandable, source-aware construction workflow and product operations workflow.","Reported friction or failure in construction workflow and product operations; anecdotal scope is not treated as population prevalence.","Anecdotal first-person public discussion","4","5","4","1","Unverified","4","Keep construction workflow and product operations discoverable, compact, and written in construction language.","Provide a complete construction workflow and product operations workflow with persistence, visible status, and recovery.","Exercise the reported failure or friction as a first-time, returning, mobile, and interrupted user.","Other users and official documentation may report successful use; this record is retained as failure-mode evidence, not a prevalence claim.","Qualified",""
"S082","https://www.reddit.com/r/estimators/comments/1vbu4hr/change_orders_have_changed_how_i_think_about/","Change Orders Have Changed How I Think About","Reddit","reddit.com","Not available or not required for qualification","Visible on source; exact date not retained","Not available","Thread or issue timestamp was inspected; record is not counted toward a recency quota without an exact retained date","2026-08-27","Direct user voice","Public social discussion","Builder Assist category or adjacent operational SaaS","Construction practitioner or software customer","General or stated by source","Desktop and/or unspecified; mobile implications tagged separately where applicable","Construction workflow and product operations","","","Mixed or negative user evidence","First-person discussion “Change Orders Have Changed How I Think About” highlights trust, workload, or coordination concerns in real estimating and field work; AI-derived output must remain reviewable and source-traceable.","A dependable, understandable, source-aware construction workflow and product operations workflow.","Reported friction or failure in construction workflow and product operations; anecdotal scope is not treated as population prevalence.","Anecdotal first-person public discussion","4","5","4","1","Unverified","4","Keep construction workflow and product operations discoverable, compact, and written in construction language.","Provide a complete construction workflow and product operations workflow with persistence, visible status, and recovery.","Exercise the reported failure or friction as a first-time, returning, mobile, and interrupted user.","Other users and official documentation may report successful use; this record is retained as failure-mode evidence, not a prevalence claim.","Qualified",""
"S083","https://www.reddit.com/r/estimators/comments/1vop6lj/underground_utility_estimating_spreadsheet/","Underground Utility Estimating Spreadsheet","Reddit","reddit.com","Not available or not required for qualification","Visible on source; exact date not retained","Not available","Thread or issue timestamp was inspected; record is not counted toward a recency quota without an exact retained date","2026-08-27","Direct user voice","Public social discussion","Builder Assist category or adjacent operational SaaS","Construction practitioner or software customer","General or stated by source","Desktop and/or unspecified; mobile implications tagged separately where applicable","Construction estimating","","","Mixed or negative user evidence","First-person discussion “Underground Utility Estimating Spreadsheet” highlights trust, workload, or coordination concerns in real estimating and field work; AI-derived output must remain reviewable and source-traceable.","A dependable, understandable, source-aware construction estimating workflow.","Reported friction or failure in construction estimating; anecdotal scope is not treated as population prevalence.","Anecdotal first-person public discussion","4","5","4","1","Unverified","4","Keep construction estimating discoverable, compact, and written in construction language.","Provide a complete construction estimating workflow with persistence, visible status, and recovery.","Exercise the reported failure or friction as a first-time, returning, mobile, and interrupted user.","Other users and official documentation may report successful use; this record is retained as failure-mode evidence, not a prevalence claim.","Qualified",""
"S084","https://www.reddit.com/r/ConstructionManagers/comments/1vw8uzb/lessons_learned_excavation_foundations/","Lessons Learned Excavation Foundations","Reddit","reddit.com","Not available or not required for qualification","Visible on source; exact date not retained","Not available","Thread or issue timestamp was inspected; record is not counted toward a recency quota without an exact retained date","2026-08-27","Direct user voice","Public social discussion","Builder Assist category or adjacent operational SaaS","Construction practitioner or software customer","General or stated by source","Desktop and/or unspecified; mobile implications tagged separately where applicable","Construction workflow and product operations","Onboarding / first-time use","","Mixed or negative user evidence","First-person discussion “Lessons Learned Excavation Foundations” highlights trust, workload, or coordination concerns in real estimating and field work; AI-derived output must remain reviewable and source-traceable.","A dependable, understandable, source-aware construction workflow and product operations workflow.","Reported friction or failure in construction workflow and product operations; anecdotal scope is not treated as population prevalence.","Anecdotal first-person public discussion","4","5","5","1","Unverified","4","Keep construction workflow and product operations discoverable, compact, and written in construction language.","Provide a complete construction workflow and product operations workflow with persistence, visible status, and recovery.","Exercise the reported failure or friction as a first-time, returning, mobile, and interrupted user.","Other users and official documentation may report successful use; this record is retained as failure-mode evidence, not a prevalence claim.","Qualified",""
"S085","https://www.reddit.com/r/ConstructionManagers/comments/1vx6hmp/apps_to_record_firestopping_building_regs_details/","Apps To Record Firestopping Building Regs Details","Reddit","reddit.com","Not available or not required for qualification","Visible on source; exact date not retained","Not available","Thread or issue timestamp was inspected; record is not counted toward a recency quota without an exact retained date","2026-08-27","Direct user voice","Public social discussion","Builder Assist category or adjacent operational SaaS","Construction practitioner or software customer","General or stated by source","Desktop and/or unspecified; mobile implications tagged separately where applicable","Construction workflow and product operations","","","Mixed or negative user evidence","First-person discussion “Apps To Record Firestopping Building Regs Details” highlights trust, workload, or coordination concerns in real estimating and field work; AI-derived output must remain reviewable and source-traceable.","A dependable, understandable, source-aware construction workflow and product operations workflow.","Reported friction or failure in construction workflow and product operations; anecdotal scope is not treated as population prevalence.","Anecdotal first-person public discussion","4","5","5","1","Unverified","4","Keep construction workflow and product operations discoverable, compact, and written in construction language.","Provide a complete construction workflow and product operations workflow with persistence, visible status, and recovery.","Exercise the reported failure or friction as a first-time, returning, mobile, and interrupted user.","Other users and official documentation may report successful use; this record is retained as failure-mode evidence, not a prevalence claim.","Qualified",""
"S086","https://builtworlds.com/news/5-takeaways-2025-field-solutions-benchmarking-report/","5 Takeaways 2025 Field Solutions Benchmarking Report","BuiltWorlds","builtworlds.com","Not available or not required for qualification","2025","Not available","Year displayed in source edition, title, or canonical URL","2026-08-27","Direct user voice","Interview/usability/customer research","Builder Assist category or adjacent operational SaaS","Construction company owner, project manager, estimator, superintendent, BIM/VDC, or administrator","General or stated by source","Desktop and/or unspecified; mobile implications tagged separately where applicable","Construction workflow and product operations","Onboarding / first-time use | Team / administrator / collaboration","","Mixed or negative user evidence","The report “5 Takeaways 2025 Field Solutions Benchmarking Report” provides direct construction-industry adoption or workflow evidence supporting fast time to first value, mobile access, interoperability, and low training burden.","A dependable, understandable, source-aware construction workflow and product operations workflow.","Reported friction or failure in construction workflow and product operations; anecdotal scope is not treated as population prevalence.","Qualitative or quantitative customer research","4","5","4","5","Previous 12 months","4","Keep construction workflow and product operations discoverable, compact, and written in construction language.","Provide a complete construction workflow and product operations workflow with persistence, visible status, and recovery.","Exercise the reported failure or friction as a first-time, returning, mobile, and interrupted user.","Other users and official documentation may report successful use; this record is retained as failure-mode evidence, not a prevalence claim.","Qualified",""
"S087","https://www.rics.org/content/dam/ricsglobal/documents/standards/RICS-Digitalisation-in-construction-report.pdf","RICS Digitalisation In Construction Report","Royal Institution of Chartered Surveyors","rics.org","Not available or not required for qualification","Not available","Not available","No reliable date retained from accessible content","2026-08-27","Direct user voice","Interview/usability/customer research","Builder Assist category or adjacent operational SaaS","Construction company owner, project manager, estimator, superintendent, BIM/VDC, or administrator","General or stated by source","Desktop and/or unspecified; mobile implications tagged separately where applicable","Construction workflow and product operations","Onboarding / first-time use | Team / administrator / collaboration","","Mixed or negative user evidence","The report “RICS Digitalisation In Construction Report” provides direct construction-industry adoption or workflow evidence supporting fast time to first value, mobile access, interoperability, and low training burden.","A dependable, understandable, source-aware construction workflow and product operations workflow.","Reported friction or failure in construction workflow and product operations; anecdotal scope is not treated as population prevalence.","Qualitative or quantitative customer research","4","5","5","1","Unverified","4","Keep construction workflow and product operations discoverable, compact, and written in construction language.","Provide a complete construction workflow and product operations workflow with persistence, visible status, and recovery.","Exercise the reported failure or friction as a first-time, returning, mobile, and interrupted user.","Other users and official documentation may report successful use; this record is retained as failure-mode evidence, not a prevalence claim.","Qualified",""
"S088","https://km.hkacid.com/assets/bim-adoption-survey-2025.pdf","BIM Adoption Survey 2025","Hong Kong Construction Industry Council","km.hkacid.com","Not available or not required for qualification","2025","Not available","Year displayed in source edition, title, or canonical URL","2026-08-27","Direct user voice","Interview/usability/customer research","Bim","Construction company owner, project manager, estimator, superintendent, BIM/VDC, or administrator","General or stated by source","Desktop and/or unspecified; mobile implications tagged separately where applicable","3D/BIM model viewing","Onboarding / first-time use | Team / administrator / collaboration","BIM / digital twin / 4D sequencing | Authoritative GIS / parcel / survey / topography | Direct user feedback — construction 3D/BIM/GIS","Mixed or negative user evidence","The report “BIM Adoption Survey 2025” provides direct construction-industry adoption or workflow evidence supporting fast time to first value, mobile access, interoperability, and low training burden.","A dependable, understandable, source-aware 3d/bim model viewing workflow.","Reported friction or failure in 3d/bim model viewing; anecdotal scope is not treated as population prevalence.","Qualitative or quantitative customer research","4","5","5","5","Previous 12 months","4","Keep 3d/bim model viewing discoverable, compact, and written in construction language.","Provide a complete 3d/bim model viewing workflow with persistence, visible status, and recovery.","Exercise the reported failure or friction as a first-time, returning, mobile, and interrupted user.","Other users and official documentation may report successful use; this record is retained as failure-mode evidence, not a prevalence claim.","Qualified",""
"S089","https://www.wipfli.com/-/media/wipfli/insights/articles/cons-2026-state-of-construction-technology-report.pdf","Cons 2026 State Of Construction Technology Report","Wipfli","wipfli.com","Not available or not required for qualification","2026","Not available","Year displayed in source edition, title, or canonical URL","2026-08-27","Direct user voice","Interview/usability/customer research","Builder Assist category or adjacent operational SaaS","Construction company owner, project manager, estimator, superintendent, BIM/VDC, or administrator","General or stated by source","Desktop and/or unspecified; mobile implications tagged separately where applicable","Observability and logging","Onboarding / first-time use | Team / administrator / collaboration","","Mixed or negative user evidence","The report “Cons 2026 State Of Construction Technology Report” provides direct construction-industry adoption or workflow evidence supporting fast time to first value, mobile access, interoperability, and low training burden.","A dependable, understandable, source-aware observability and logging workflow.","Reported friction or failure in observability and logging; anecdotal scope is not treated as population prevalence.","Qualitative or quantitative customer research","4","5","5","5","Previous 12 months","4","Keep observability and logging discoverable, compact, and written in construction language.","Provide a complete observability and logging workflow with persistence, visible status, and recovery.","Exercise the reported failure or friction as a first-time, returning, mobile, and interrupted user.","Other users and official documentation may report successful use; this record is retained as failure-mode evidence, not a prevalence claim.","Qualified",""
"S090","https://www.thenbs.com/-/media/uk/files/pdf/nbs-digital-construction-report-2023.pdf","Nbs Digital Construction Report 2023","NBS","thenbs.com","Not available or not required for qualification","2023","Not available","Year displayed in source edition, title, or canonical URL","2026-08-27","Direct user voice","Interview/usability/customer research","Builder Assist category or adjacent operational SaaS","Construction company owner, project manager, estimator, superintendent, BIM/VDC, or administrator","General or stated by source","Desktop and/or unspecified; mobile implications tagged separately where applicable","Construction workflow and product operations","Onboarding / first-time use | Team / administrator / collaboration","","Mixed or negative user evidence","The report “Nbs Digital Construction Report 2023” provides direct construction-industry adoption or workflow evidence supporting fast time to first value, mobile access, interoperability, and low training burden.","A dependable, understandable, source-aware construction workflow and product operations workflow.","Reported friction or failure in construction workflow and product operations; anecdotal scope is not treated as population prevalence.","Qualitative or quantitative customer research","4","5","5","4","Previous 36 months","4","Keep construction workflow and product operations discoverable, compact, and written in construction language.","Provide a complete construction workflow and product operations workflow with persistence, visible status, and recovery.","Exercise the reported failure or friction as a first-time, returning, mobile, and interrupted user.","Other users and official documentation may report successful use; this record is retained as failure-mode evidence, not a prevalence claim.","Qualified",""
"S091","https://www.dedale.com/reports/construction-management-software-survey","Construction Management Software Survey","Dedale","dedale.com","Not available or not required for qualification","Not available","Not available","No reliable date retained from accessible content","2026-08-27","Direct user voice","Interview/usability/customer research","Builder Assist category or adjacent operational SaaS","Construction company owner, project manager, estimator, superintendent, BIM/VDC, or administrator","General or stated by source","Desktop and/or unspecified; mobile implications tagged separately where applicable","Construction workflow and product operations","Onboarding / first-time use | Team / administrator / collaboration","Authoritative GIS / parcel / survey / topography","Mixed or negative user evidence","The report “Construction Management Software Survey” provides direct construction-industry adoption or workflow evidence supporting fast time to first value, mobile access, interoperability, and low training burden.","A dependable, understandable, source-aware construction workflow and product operations workflow.","Reported friction or failure in construction workflow and product operations; anecdotal scope is not treated as population prevalence.","Qualitative or quantitative customer research","4","5","5","1","Unverified","4","Keep construction workflow and product operations discoverable, compact, and written in construction language.","Provide a complete construction workflow and product operations workflow with persistence, visible status, and recovery.","Exercise the reported failure or friction as a first-time, returning, mobile, and interrupted user.","Other users and official documentation may report successful use; this record is retained as failure-mode evidence, not a prevalence claim.","Qualified",""
"S092","https://assets.kpmg.com/content/dam/kpmgsites/xx/pdf/2026/05/global-construction-survey-2026.pdf","Global Construction Survey 2026","KPMG","assets.kpmg.com","Not available or not required for qualification","2026","Not available","Year displayed in source edition, title, or canonical URL","2026-08-27","Direct user voice","Interview/usability/customer research","Builder Assist category or adjacent operational SaaS","Construction company owner, project manager, estimator, superintendent, BIM/VDC, or administrator","General or stated by source","Desktop and/or unspecified; mobile implications tagged separately where applicable","Construction workflow and product operations","Onboarding / first-time use | Team / administrator / collaboration","Authoritative GIS / parcel / survey / topography","Mixed or negative user evidence","The report “Global Construction Survey 2026” provides direct construction-industry adoption or workflow evidence supporting fast time to first value, mobile access, interoperability, and low training burden.","A dependable, understandable, source-aware construction workflow and product operations workflow.","Reported friction or failure in construction workflow and product operations; anecdotal scope is not treated as population prevalence.","Qualitative or quantitative customer research","4","5","5","5","Previous 12 months","4","Keep construction workflow and product operations discoverable, compact, and written in construction language.","Provide a complete construction workflow and product operations workflow with persistence, visible status, and recovery.","Exercise the reported failure or friction as a first-time, returning, mobile, and interrupted user.","Other users and official documentation may report successful use; this record is retained as failure-mode evidence, not a prevalence claim.","Qualified",""
"S093","https://www.agc.org/sites/default/files/users/user22674/2025%20IT%20Forum%20Conference%20Presentation.pdf","2025 IT Forum Conference Presentation","Associated General Contractors of America","agc.org","Not available or not required for qualification","2025","Not available","Year displayed in source edition, title, or canonical URL","2026-08-27","Direct user voice","Interview/usability/customer research","Builder Assist category or adjacent operational SaaS","Construction company owner, project manager, estimator, superintendent, BIM/VDC, or administrator","General or stated by source","Desktop and/or unspecified; mobile implications tagged separately where applicable","Construction workflow and product operations","Onboarding / first-time use | Team / administrator / collaboration","","Mixed or negative user evidence","The report “2025 IT Forum Conference Presentation” provides direct construction-industry adoption or workflow evidence supporting fast time to first value, mobile access, interoperability, and low training burden.","A dependable, understandable, source-aware construction workflow and product operations workflow.","Reported friction or failure in construction workflow and product operations; anecdotal scope is not treated as population prevalence.","Qualitative or quantitative customer research","4","5","4","5","Previous 12 months","4","Keep construction workflow and product operations discoverable, compact, and written in construction language.","Provide a complete construction workflow and product operations workflow with persistence, visible status, and recovery.","Exercise the reported failure or friction as a first-time, returning, mobile, and interrupted user.","Other users and official documentation may report successful use; this record is retained as failure-mode evidence, not a prevalence claim.","Qualified",""
"S094","https://consupt.com/wp-content/uploads/2026/02/AI-for-Contractors.pdf","AI For Contractors","Construction Superintendent","consupt.com","Not available or not required for qualification","2026","Not available","Year displayed in source edition, title, or canonical URL","2026-08-27","Direct user voice","Interview/usability/customer research","Builder Assist category or adjacent operational SaaS","Construction company owner, project manager, estimator, superintendent, BIM/VDC, or administrator","General or stated by source","Desktop and/or unspecified; mobile implications tagged separately where applicable","Plan upload and validation","Onboarding / first-time use | Team / administrator / collaboration","","Mixed or negative user evidence","The report “AI For Contractors” provides direct construction-industry adoption or workflow evidence supporting fast time to first value, mobile access, interoperability, and low training burden.","A dependable, understandable, source-aware plan upload and validation workflow.","Reported friction or failure in plan upload and validation; anecdotal scope is not treated as population prevalence.","Qualitative or quantitative customer research","4","5","5","5","Previous 12 months","4","Keep plan upload and validation discoverable, compact, and written in construction language.","Provide a complete plan upload and validation workflow with persistence, visible status, and recovery.","Exercise the reported failure or friction as a first-time, returning, mobile, and interrupted user.","Other users and official documentation may report successful use; this record is retained as failure-mode evidence, not a prevalence claim.","Qualified",""
"S095","https://www.agc.org/sites/default/files/users/user21902/2024_Outlook_Rev3_Over500M_FINAL.pdf","2024 Outlook Rev3 Over500M FINAL","Associated General Contractors of America","agc.org","Not available or not required for qualification","2024","Not available","Year displayed in source edition, title, or canonical URL","2026-08-27","Direct user voice","Interview/usability/customer research","Builder Assist category or adjacent operational SaaS","Construction company owner, project manager, estimator, superintendent, BIM/VDC, or administrator","General or stated by source","Desktop and/or unspecified; mobile implications tagged separately where applicable","Construction workflow and product operations","Onboarding / first-time use | Team / administrator / collaboration","","Mixed or negative user evidence","The report “2024 Outlook Rev3 Over500M FINAL” provides direct construction-industry adoption or workflow evidence supporting fast time to first value, mobile access, interoperability, and low training burden.","A dependable, understandable, source-aware construction workflow and product operations workflow.","Reported friction or failure in construction workflow and product operations; anecdotal scope is not treated as population prevalence.","Qualitative or quantitative customer research","4","5","4","4","Previous 36 months","4","Keep construction workflow and product operations discoverable, compact, and written in construction language.","Provide a complete construction workflow and product operations workflow with persistence, visible status, and recovery.","Exercise the reported failure or friction as a first-time, returning, mobile, and interrupted user.","Other users and official documentation may report successful use; this record is retained as failure-mode evidence, not a prevalence claim.","Qualified",""
"S096","https://celineeckholdt.weebly.com/uploads/7/2/2/4/72246069/celine_eckholdt_construction_app_usability.pdf","Celine Eckholdt Construction App Usability","celineeckholdt.weebly.com","celineeckholdt.weebly.com","Not available or not required for qualification","Not available","Not available","No reliable date retained from accessible content","2026-08-27","Direct user voice","Interview/usability/customer research","Builder Assist category or adjacent operational SaaS","Construction company owner, project manager, estimator, superintendent, BIM/VDC, or administrator","General or stated by source","Desktop and/or unspecified; mobile implications tagged separately where applicable","Plan upload and validation","Onboarding / first-time use | Team / administrator / collaboration","","Mixed or negative user evidence","The report “Celine Eckholdt Construction App Usability” provides direct construction-industry adoption or workflow evidence supporting fast time to first value, mobile access, interoperability, and low training burden.","A dependable, understandable, source-aware plan upload and validation workflow.","Reported friction or failure in plan upload and validation; anecdotal scope is not treated as population prevalence.","Qualitative or quantitative customer research","4","5","5","1","Unverified","4","Keep plan upload and validation discoverable, compact, and written in construction language.","Provide a complete plan upload and validation workflow with persistence, visible status, and recovery.","Exercise the reported failure or friction as a first-time, returning, mobile, and interrupted user.","Other users and official documentation may report successful use; this record is retained as failure-mode evidence, not a prevalence claim.","Qualified",""
"S097","https://www.agc.org/sites/default/files/users/user22674/2025_Workforce_Survey_Analysis.pdf","2025 Workforce Survey Analysis","Associated General Contractors of America","agc.org","Not available or not required for qualification","2025","Not available","Year displayed in source edition, title, or canonical URL","2026-08-27","Direct user voice","Interview/usability/customer research","Builder Assist category or adjacent operational SaaS","Construction company owner, project manager, estimator, superintendent, BIM/VDC, or administrator","General or stated by source","Desktop and/or unspecified; mobile implications tagged separately where applicable","Construction workflow and product operations","Onboarding / first-time use | Team / administrator / collaboration","Authoritative GIS / parcel / survey / topography","Mixed or negative user evidence","The report “2025 Workforce Survey Analysis” provides direct construction-industry adoption or workflow evidence supporting fast time to first value, mobile access, interoperability, and low training burden.","A dependable, understandable, source-aware construction workflow and product operations workflow.","Reported friction or failure in construction workflow and product operations; anecdotal scope is not treated as population prevalence.","Qualitative or quantitative customer research","4","5","4","5","Previous 12 months","4","Keep construction workflow and product operations discoverable, compact, and written in construction language.","Provide a complete construction workflow and product operations workflow with persistence, visible status, and recovery.","Exercise the reported failure or friction as a first-time, returning, mobile, and interrupted user.","Other users and official documentation may report successful use; this record is retained as failure-mode evidence, not a prevalence claim.","Qualified",""
"S098","https://www.arkance.world/wp-content/uploads/2025/09/Endeavor-Arkance-AEC-Digital-Transformation.pdf","Endeavor Arkance AEC Digital Transformation","ARKANCE","arkance.world","Not available or not required for qualification","2025","Not available","Year displayed in source edition, title, or canonical URL","2026-08-27","Direct user voice","Interview/usability/customer research","Builder Assist category or adjacent operational SaaS","Construction company owner, project manager, estimator, superintendent, BIM/VDC, or administrator","General or stated by source","Desktop and/or unspecified; mobile implications tagged separately where applicable","Plan upload and validation","Onboarding / first-time use | Team / administrator / collaboration","","Mixed or negative user evidence","The report “Endeavor Arkance AEC Digital Transformation” provides direct construction-industry adoption or workflow evidence supporting fast time to first value, mobile access, interoperability, and low training burden.","A dependable, understandable, source-aware plan upload and validation workflow.","Reported friction or failure in plan upload and validation; anecdotal scope is not treated as population prevalence.","Qualitative or quantitative customer research","4","5","5","5","Previous 12 months","4","Keep plan upload and validation discoverable, compact, and written in construction language.","Provide a complete plan upload and validation workflow with persistence, visible status, and recovery.","Exercise the reported failure or friction as a first-time, returning, mobile, and interrupted user.","Other users and official documentation may report successful use; this record is retained as failure-mode evidence, not a prevalence claim.","Qualified",""
"S099","https://www.ecologie.gouv.fr/sites/default/files/documents/Enquete-usages-numeriques-BIM-construction-2025.pdf","Enquete Usages Numeriques BIM Construction 2025","French Ministry for Ecological Transition","ecologie.gouv.fr","Not available or not required for qualification","2025","Not available","Year displayed in source edition, title, or canonical URL","2026-08-27","Direct user voice","Interview/usability/customer research","Bim","Construction company owner, project manager, estimator, superintendent, BIM/VDC, or administrator","General or stated by source","Desktop and/or unspecified; mobile implications tagged separately where applicable","3D/BIM model viewing","Onboarding / first-time use | Team / administrator / collaboration","BIM / digital twin / 4D sequencing | Direct user feedback — construction 3D/BIM/GIS","Mixed or negative user evidence","The report “Enquete Usages Numeriques BIM Construction 2025” provides direct construction-industry adoption or workflow evidence supporting fast time to first value, mobile access, interoperability, and low training burden.","A dependable, understandable, source-aware 3d/bim model viewing workflow.","Reported friction or failure in 3d/bim model viewing; anecdotal scope is not treated as population prevalence.","Qualitative or quantitative customer research","4","5","5","5","Previous 12 months","4","Keep 3d/bim model viewing discoverable, compact, and written in construction language.","Provide a complete 3d/bim model viewing workflow with persistence, visible status, and recovery.","Exercise the reported failure or friction as a first-time, returning, mobile, and interrupted user.","Other users and official documentation may report successful use; this record is retained as failure-mode evidence, not a prevalence claim.","Qualified",""
"S100","https://www.thenbs.com/about-nbs/press-releases/ai-adoption-surges-as-digital-anxiety-grips-the-construction-sector","AI Adoption Surges As Digital Anxiety Grips The Construction Sector","NBS","thenbs.com","Not available or not required for qualification","Not available","Not available","No reliable date retained from accessible content","2026-08-27","Direct user voice","Interview/usability/customer research","Builder Assist category or adjacent operational SaaS","Construction company owner, project manager, estimator, superintendent, BIM/VDC, or administrator","General or stated by source","Desktop and/or unspecified; mobile implications tagged separately where applicable","Construction workflow and product operations","Onboarding / first-time use | Team / administrator / collaboration","","Mixed or negative user evidence","The report “AI Adoption Surges As Digital Anxiety Grips The Construction Sector” provides direct construction-industry adoption or workflow evidence supporting fast time to first value, mobile access, interoperability, and low training burden.","A dependable, understandable, source-aware construction workflow and product operations workflow.","Reported friction or failure in construction workflow and product operations; anecdotal scope is not treated as population prevalence.","Qualitative or quantitative customer research","4","5","5","1","Unverified","4","Keep construction workflow and product operations discoverable, compact, and written in construction language.","Provide a complete construction workflow and product operations workflow with persistence, visible status, and recovery.","Exercise the reported failure or friction as a first-time, returning, mobile, and interrupted user.","Other users and official documentation may report successful use; this record is retained as failure-mode evidence, not a prevalence claim.","Qualified",""
"S101","https://en-gb.support.procore.com/products/online/user-guide/project-level/documents/tutorials/view-and-download-3d-models-in-the-documents-tool","View And Download 3d Models In The Documents Tool","Procore","en-gb.support.procore.com","Not available or not required for qualification","Not available","2026-08-27","Live versioned or maintained documentation inspected on access date","2026-08-27","Official product and technical documentation","Official documentation","Procore","Construction company owner, project manager, estimator, superintendent, BIM/VDC, or administrator","General or stated by source","Desktop and/or unspecified; mobile implications tagged separately where applicable","3D/BIM model viewing","","BIM / digital twin / 4D sequencing","Neutral","“View And Download 3d Models In The Documents Tool” defines current product or platform behavior that Builder Assist must either support, safely adapt, or accurately distinguish from its own implementation.","A dependable, understandable, source-aware 3d/bim model viewing workflow.","Vendor-controlled evidence verifies behavior but does not independently establish user sentiment or outcomes.","Official technical requirement","3","4","5","5","Previous 12 months","3","Expose 3d/bim model viewing progressively with clear status and source context.","Implement 3d/bim model viewing as an operational, persisted workflow rather than a decorative control.","Run the critical path and a realistic failure case for 3d/bim model viewing on desktop and mobile.","Positive capability claims are balanced against direct-user failure reports and implementation constraints in the contradiction table.","Qualified",""
"S102","https://en-gb.support.procore.com/procore-mobile-android/user-guide/models-android/tutorials/view-models-android","View Models Android","Procore","en-gb.support.procore.com","Not available or not required for qualification","Not available","2026-08-27","Live versioned or maintained documentation inspected on access date","2026-08-27","Official product and technical documentation","Official documentation","Procore","Superintendent, foreman, field engineer","General or stated by source","Mobile/tablet or narrow viewport","Mobile/touch 3D interaction","Mobile use","Mapping / responsive / accessibility UX","Neutral","“View Models Android” defines current product or platform behavior that Builder Assist must either support, safely adapt, or accurately distinguish from its own implementation.","A dependable, understandable, source-aware mobile/touch 3d interaction workflow.","Vendor-controlled evidence verifies behavior but does not independently establish user sentiment or outcomes.","Official technical requirement","3","4","5","5","Previous 12 months","3","Expose mobile/touch 3d interaction progressively with clear status and source context.","Implement mobile/touch 3d interaction as an operational, persisted workflow rather than a decorative control.","Run the critical path and a realistic failure case for mobile/touch 3d interaction on desktop and mobile.","Positive capability claims are balanced against direct-user failure reports and implementation constraints in the contradiction table.","Qualified",""
"S103","https://en-gb.support.procore.com/products/online/user-guide/project-level/drawings/tutorials/compare-drawing-revisions","Compare Drawing Revisions","Procore","en-gb.support.procore.com","Not available or not required for qualification","Not available","2026-08-27","Live versioned or maintained documentation inspected on access date","2026-08-27","Official product and technical documentation","Official documentation","Procore","Construction company owner, project manager, estimator, superintendent, BIM/VDC, or administrator","General or stated by source","Desktop and/or unspecified; mobile implications tagged separately where applicable","Plan revisions and version control","","","Neutral","“Compare Drawing Revisions” defines current product or platform behavior that Builder Assist must either support, safely adapt, or accurately distinguish from its own implementation.","A dependable, understandable, source-aware plan revisions and version control workflow.","Vendor-controlled evidence verifies behavior but does not independently establish user sentiment or outcomes.","Official technical requirement","3","4","4","5","Previous 12 months","3","Expose plan revisions and version control progressively with clear status and source context.","Implement plan revisions and version control as an operational, persisted workflow rather than a decorative control.","Run the critical path and a realistic failure case for plan revisions and version control on desktop and mobile.","Positive capability claims are balanced against direct-user failure reports and implementation constraints in the contradiction table.","Qualified",""
"S104","https://help.autodesk.com/cloudhelp/2027/ENU/Revit-Collaborate/files/GUID-A5B877B0-F587-43F1-94C8-550CBBCB8A90.htm","GUID A5B877B0 F587 43F1 94C8 550CBBCB8A90","Autodesk","help.autodesk.com","Not available or not required for qualification","Not available","2026-08-27","Live versioned or maintained documentation inspected on access date","2026-08-27","Official product and technical documentation","Official documentation","Autodesk","Construction company owner, project manager, estimator, superintendent, BIM/VDC, or administrator","General or stated by source","Desktop and/or unspecified; mobile implications tagged separately where applicable","Construction workflow and product operations","Team / administrator / collaboration","BIM / digital twin / 4D sequencing","Neutral","“GUID A5B877B0 F587 43F1 94C8 550CBBCB8A90” defines current product or platform behavior that Builder Assist must either support, safely adapt, or accurately distinguish from its own implementation.","A dependable, understandable, source-aware construction workflow and product operations workflow.","Vendor-controlled evidence verifies behavior but does not independently establish user sentiment or outcomes.","Official technical requirement","3","4","4","5","Previous 12 months","3","Expose construction workflow and product operations progressively with clear status and source context.","Implement construction workflow and product operations as an operational, persisted workflow rather than a decorative control.","Run the critical path and a realistic failure case for construction workflow and product operations on desktop and mobile.","Positive capability claims are balanced against direct-user failure reports and implementation constraints in the contradiction table.","Qualified",""
"S105","https://help.autodesk.com/view/COORD/ENU/?contextId=Model_Coord_FAQs","ENU","Autodesk","help.autodesk.com","Not available or not required for qualification","Not available","2026-08-27","Live versioned or maintained documentation inspected on access date","2026-08-27","Official product and technical documentation","Official documentation","Autodesk","Construction company owner, project manager, estimator, superintendent, BIM/VDC, or administrator","General or stated by source","Desktop and/or unspecified; mobile implications tagged separately where applicable","3D/BIM model viewing","","BIM / digital twin / 4D sequencing","Neutral","“ENU” defines current product or platform behavior that Builder Assist must either support, safely adapt, or accurately distinguish from its own implementation.","A dependable, understandable, source-aware 3d/bim model viewing workflow.","Vendor-controlled evidence verifies behavior but does not independently establish user sentiment or outcomes.","Official technical requirement","3","4","5","5","Previous 12 months","3","Expose 3d/bim model viewing progressively with clear status and source context.","Implement 3d/bim model viewing as an operational, persisted workflow rather than a decorative control.","Run the critical path and a realistic failure case for 3d/bim model viewing on desktop and mobile.","Positive capability claims are balanced against direct-user failure reports and implementation constraints in the contradiction table.","Qualified",""
"S106","https://help.autodesk.com/cloudhelp/2025/ENU/Revit-Collaborate/files/GUID-4E002119-F780-4DFB-AC24-11EF005094D3.htm","GUID 4E002119 F780 4DFB AC24 11EF005094D3","Autodesk","help.autodesk.com","Not available or not required for qualification","2025","Not available","Year displayed in source edition, title, or canonical URL","2026-08-27","Official product and technical documentation","Official documentation","Autodesk","Construction company owner, project manager, estimator, superintendent, BIM/VDC, or administrator","General or stated by source","Desktop and/or unspecified; mobile implications tagged separately where applicable","Construction workflow and product operations","Team / administrator / collaboration","BIM / digital twin / 4D sequencing","Neutral","“GUID 4E002119 F780 4DFB AC24 11EF005094D3” defines current product or platform behavior that Builder Assist must either support, safely adapt, or accurately distinguish from its own implementation.","A dependable, understandable, source-aware construction workflow and product operations workflow.","Vendor-controlled evidence verifies behavior but does not independently establish user sentiment or outcomes.","Official technical requirement","3","4","4","5","Previous 12 months","3","Expose construction workflow and product operations progressively with clear status and source context.","Implement construction workflow and product operations as an operational, persisted workflow rather than a decorative control.","Run the critical path and a realistic failure case for construction workflow and product operations on desktop and mobile.","Positive capability claims are balanced against direct-user failure reports and implementation constraints in the contradiction table.","Qualified",""
"S107","https://help.fieldwire.com/hc/en-us/articles/202631944-Q-A-Can-I-use-Fieldwire-while-offline","202631944 Q A Can I Use Fieldwire While Offline","Fieldwire","help.fieldwire.com","Not available or not required for qualification","Not available","2026-08-27","Live versioned or maintained documentation inspected on access date","2026-08-27","Official product and technical documentation","Official documentation","Fieldwire","Superintendent, foreman, field engineer","General or stated by source","Desktop and/or unspecified; mobile implications tagged separately where applicable","Offline use and synchronization","Mobile use","","Neutral","“202631944 Q A Can I Use Fieldwire While Offline” defines current product or platform behavior that Builder Assist must either support, safely adapt, or accurately distinguish from its own implementation.","A dependable, understandable, source-aware offline use and synchronization workflow.","Vendor-controlled evidence verifies behavior but does not independently establish user sentiment or outcomes.","Official technical requirement","3","4","4","5","Previous 12 months","3","Expose offline use and synchronization progressively with clear status and source context.","Implement offline use and synchronization as an operational, persisted workflow rather than a decorative control.","Run the critical path and a realistic failure case for offline use and synchronization on desktop and mobile.","Positive capability claims are balanced against direct-user failure reports and implementation constraints in the contradiction table.","Qualified",""
"S108","https://help.fieldwire.com/hc/en-us/articles/360043052832-Field-Guide-to-Syncing","360043052832 Field Guide To Syncing","Fieldwire","help.fieldwire.com","Not available or not required for qualification","Not available","2026-08-27","Live versioned or maintained documentation inspected on access date","2026-08-27","Official product and technical documentation","Official documentation","Fieldwire","Construction company owner, project manager, estimator, superintendent, BIM/VDC, or administrator","General or stated by source","Desktop and/or unspecified; mobile implications tagged separately where applicable","Synchronization and conflict recovery","Mobile use | Error / outage / recovery / reliability","","Neutral","“360043052832 Field Guide To Syncing” defines current product or platform behavior that Builder Assist must either support, safely adapt, or accurately distinguish from its own implementation.","A dependable, understandable, source-aware synchronization and conflict recovery workflow.","Vendor-controlled evidence verifies behavior but does not independently establish user sentiment or outcomes.","Official technical requirement","3","4","4","5","Previous 12 months","3","Expose synchronization and conflict recovery progressively with clear status and source context.","Implement synchronization and conflict recovery as an operational, persisted workflow rather than a decorative control.","Run the critical path and a realistic failure case for synchronization and conflict recovery on desktop and mobile.","Positive capability claims are balanced against direct-user failure reports and implementation constraints in the contradiction table.","Qualified",""
"S109","https://help.fieldwire.com/hc/en-us/articles/207718776-What-is-Version-Control-for-Plans","207718776 What Is Version Control For Plans","Fieldwire","help.fieldwire.com","Not available or not required for qualification","Not available","2026-08-27","Live versioned or maintained documentation inspected on access date","2026-08-27","Official product and technical documentation","Official documentation","Fieldwire","Construction company owner, project manager, estimator, superintendent, BIM/VDC, or administrator","General or stated by source","Desktop and/or unspecified; mobile implications tagged separately where applicable","Construction workflow and product operations","Mobile use","","Neutral","“207718776 What Is Version Control For Plans” defines current product or platform behavior that Builder Assist must either support, safely adapt, or accurately distinguish from its own implementation.","A dependable, understandable, source-aware construction workflow and product operations workflow.","Vendor-controlled evidence verifies behavior but does not independently establish user sentiment or outcomes.","Official technical requirement","3","4","4","5","Previous 12 months","3","Expose construction workflow and product operations progressively with clear status and source context.","Implement construction workflow and product operations as an operational, persisted workflow rather than a decorative control.","Run the critical path and a realistic failure case for construction workflow and product operations on desktop and mobile.","Positive capability claims are balanced against direct-user failure reports and implementation constraints in the contradiction table.","Qualified",""
"S110","https://help.fieldwire.com/hc/en-us/articles/360061902452-How-to-use-the-Plans-Tab-and-Upload-Plans-to-Fieldwire-Projects-on-the-Web","360061902452 How To Use The Plans Tab And Upload Plans To Fieldwire Projects On The Web","Fieldwire","help.fieldwire.com","Not available or not required for qualification","Not available","2026-08-27","Live versioned or maintained documentation inspected on access date","2026-08-27","Official product and technical documentation","Official documentation","Fieldwire","Construction company owner, project manager, estimator, superintendent, BIM/VDC, or administrator","General or stated by source","Desktop and/or unspecified; mobile implications tagged separately where applicable","Plan upload and validation","Mobile use","","Neutral","“360061902452 How To Use The Plans Tab And Upload Plans To Fieldwire Projects On The Web” defines current product or platform behavior that Builder Assist must either support, safely adapt, or accurately distinguish from its own implementation.","A dependable, understandable, source-aware plan upload and validation workflow.","Vendor-controlled evidence verifies behavior but does not independently establish user sentiment or outcomes.","Official technical requirement","3","4","5","5","Previous 12 months","3","Expose plan upload and validation progressively with clear status and source context.","Implement plan upload and validation as an operational, persisted workflow rather than a decorative control.","Run the critical path and a realistic failure case for plan upload and validation on desktop and mobile.","Positive capability claims are balanced against direct-user failure reports and implementation constraints in the contradiction table.","Qualified",""
"S111","https://buildertrend.com/help-article/navigating-project-management/","Navigating Project Management","Buildertrend","buildertrend.com","Not available or not required for qualification","Not available","2026-08-27","Live versioned or maintained documentation inspected on access date","2026-08-27","Official product and technical documentation","Official documentation","Buildertrend","Construction company owner, project manager, estimator, superintendent, BIM/VDC, or administrator","General or stated by source","Desktop and/or unspecified; mobile implications tagged separately where applicable","Construction project management","","","Neutral","“Navigating Project Management” defines current product or platform behavior that Builder Assist must either support, safely adapt, or accurately distinguish from its own implementation.","A dependable, understandable, source-aware construction project management workflow.","Vendor-controlled evidence verifies behavior but does not independently establish user sentiment or outcomes.","Official technical requirement","3","4","4","5","Previous 12 months","3","Expose construction project management progressively with clear status and source context.","Implement construction project management as an operational, persisted workflow rather than a decorative control.","Run the critical path and a realistic failure case for construction project management on desktop and mobile.","Positive capability claims are balanced against direct-user failure reports and implementation constraints in the contradiction table.","Qualified",""
"S112","https://support.bluebeam.com/user-manual/menus/document/compare-documents.html","Compare Documents","Bluebeam","support.bluebeam.com","Not available or not required for qualification","Not available","2026-08-27","Live versioned or maintained documentation inspected on access date","2026-08-27","Official product and technical documentation","Official documentation","Bluebeam","Construction company owner, project manager, estimator, superintendent, BIM/VDC, or administrator","General or stated by source","Desktop and/or unspecified; mobile implications tagged separately where applicable","Construction workflow and product operations","Mobile use","","Neutral","“Compare Documents” defines current product or platform behavior that Builder Assist must either support, safely adapt, or accurately distinguish from its own implementation.","A dependable, understandable, source-aware construction workflow and product operations workflow.","Vendor-controlled evidence verifies behavior but does not independently establish user sentiment or outcomes.","Official technical requirement","3","4","4","5","Previous 12 months","3","Expose construction workflow and product operations progressively with clear status and source context.","Implement construction workflow and product operations as an operational, persisted workflow rather than a decorative control.","Run the critical path and a realistic failure case for construction workflow and product operations on desktop and mobile.","Positive capability claims are balanced against direct-user failure reports and implementation constraints in the contradiction table.","Qualified",""
"S113","https://help.trimble.com/doc/trimble-connect/trimble-connect/connect-for-browsers-3d-viewer/measuring/create-measurements","Create Measurements","Trimble","help.trimble.com","Not available or not required for qualification","Not available","2026-08-27","Live versioned or maintained documentation inspected on access date","2026-08-27","Official product and technical documentation","Official documentation","Trimble","Construction company owner, project manager, estimator, superintendent, BIM/VDC, or administrator","General or stated by source","Desktop and/or unspecified; mobile implications tagged separately where applicable","Measurement","Mobile use","BIM / digital twin / 4D sequencing","Neutral","“Create Measurements” defines current product or platform behavior that Builder Assist must either support, safely adapt, or accurately distinguish from its own implementation.","A dependable, understandable, source-aware measurement workflow.","Vendor-controlled evidence verifies behavior but does not independently establish user sentiment or outcomes.","Official technical requirement","3","4","4","5","Previous 12 months","3","Expose measurement progressively with clear status and source context.","Implement measurement as an operational, persisted workflow rather than a decorative control.","Run the critical path and a realistic failure case for measurement on desktop and mobile.","Positive capability claims are balanced against direct-user failure reports and implementation constraints in the contradiction table.","Qualified",""
"S114","https://help.trimble.com/doc/trimble-connect/trimble-connect/connect-for-browsers-3d-viewer/clipping-planes/create-clip-planes","Create Clip Planes","Trimble","help.trimble.com","Not available or not required for qualification","Not available","2026-08-27","Live versioned or maintained documentation inspected on access date","2026-08-27","Official product and technical documentation","Official documentation","Trimble","Construction company owner, project manager, estimator, superintendent, BIM/VDC, or administrator","General or stated by source","Desktop and/or unspecified; mobile implications tagged separately where applicable","Section and clipping","Mobile use","BIM / digital twin / 4D sequencing","Neutral","“Create Clip Planes” defines current product or platform behavior that Builder Assist must either support, safely adapt, or accurately distinguish from its own implementation.","A dependable, understandable, source-aware section and clipping workflow.","Vendor-controlled evidence verifies behavior but does not independently establish user sentiment or outcomes.","Official technical requirement","3","4","4","5","Previous 12 months","3","Expose section and clipping progressively with clear status and source context.","Implement section and clipping as an operational, persisted workflow rather than a decorative control.","Run the critical path and a realistic failure case for section and clipping on desktop and mobile.","Positive capability claims are balanced against direct-user failure reports and implementation constraints in the contradiction table.","Qualified",""
"S115","https://gis.mcassessor.maricopa.gov/arcgis/rest/services/Parcels/MapServer?f=pjson","MapServer","Maricopa County Assessor","gis.mcassessor.maricopa.gov","Not available or not required for qualification","Not available","2026-08-27","Live versioned or maintained documentation inspected on access date","2026-08-27","Official product and technical documentation","Official documentation","Arcgis","Estimator, project manager, BIM/VDC coordinator","Maricopa County / Scottsdale, Arizona, United States","Desktop and/or unspecified; mobile implications tagged separately where applicable","Parcel/GIS evidence","","Authoritative GIS / parcel / survey / topography","Neutral","“MapServer” defines current product or platform behavior that Builder Assist must either support, safely adapt, or accurately distinguish from its own implementation.","A dependable, understandable, source-aware parcel/gis evidence workflow.","Vendor-controlled evidence verifies behavior but does not independently establish user sentiment or outcomes.","Official technical requirement","3","4","5","5","Previous 12 months","3","Expose parcel/gis evidence progressively with clear status and source context.","Implement parcel/gis evidence as an operational, persisted workflow rather than a decorative control.","Run the critical path and a realistic failure case for parcel/gis evidence on desktop and mobile.","Positive capability claims are balanced against direct-user failure reports and implementation constraints in the contradiction table.","Qualified",""
"S116","https://maps.scottsdaleaz.gov/arcgis/rest/services/OpenData/MapServer/3?f=json","3","City of Scottsdale","maps.scottsdaleaz.gov","Not available or not required for qualification","Not available","2026-08-27","Live versioned or maintained documentation inspected on access date","2026-08-27","Official product and technical documentation","Official documentation","Arcgis","Estimator, project manager, BIM/VDC coordinator","Maricopa County / Scottsdale, Arizona, United States","Desktop and/or unspecified; mobile implications tagged separately where applicable","Parcel/GIS evidence","","Authoritative GIS / parcel / survey / topography","Neutral","“3” defines current product or platform behavior that Builder Assist must either support, safely adapt, or accurately distinguish from its own implementation.","A dependable, understandable, source-aware parcel/gis evidence workflow.","Vendor-controlled evidence verifies behavior but does not independently establish user sentiment or outcomes.","Official technical requirement","3","4","5","5","Previous 12 months","3","Expose parcel/gis evidence progressively with clear status and source context.","Implement parcel/gis evidence as an operational, persisted workflow rather than a decorative control.","Run the critical path and a realistic failure case for parcel/gis evidence on desktop and mobile.","Positive capability claims are balanced against direct-user failure reports and implementation constraints in the contradiction table.","Qualified",""
"S117","https://pro.arcgis.com/en/pro-app/3.6/help/data/parcel-editing/tools-for-improving-data-quality.htm","Tools For Improving Data Quality","Esri","pro.arcgis.com","Not available or not required for qualification","Not available","2026-08-27","Live versioned or maintained documentation inspected on access date","2026-08-27","Official product and technical documentation","Official documentation","Arcgis","Estimator, project manager, BIM/VDC coordinator","General or stated by source","Desktop and/or unspecified; mobile implications tagged separately where applicable","Parcel/GIS evidence","","Authoritative GIS / parcel / survey / topography","Neutral","“Tools For Improving Data Quality” defines current product or platform behavior that Builder Assist must either support, safely adapt, or accurately distinguish from its own implementation.","A dependable, understandable, source-aware parcel/gis evidence workflow.","Vendor-controlled evidence verifies behavior but does not independently establish user sentiment or outcomes.","Official technical requirement","3","4","5","5","Previous 12 months","3","Expose parcel/gis evidence progressively with clear status and source context.","Implement parcel/gis evidence as an operational, persisted workflow rather than a decorative control.","Run the critical path and a realistic failure case for parcel/gis evidence on desktop and mobile.","Positive capability claims are balanced against direct-user failure reports and implementation constraints in the contradiction table.","Qualified",""
"S118","https://developers.arcgis.com/rest/services-reference/enterprise/query-feature-service-layer/","Query Feature Service Layer","Esri","developers.arcgis.com","Not available or not required for qualification","Not available","2026-08-27","Live versioned or maintained documentation inspected on access date","2026-08-27","Official product and technical documentation","Official documentation","Arcgis","Estimator, project manager, BIM/VDC coordinator","General or stated by source","Desktop and/or unspecified; mobile implications tagged separately where applicable","Parcel/GIS evidence","","Authoritative GIS / parcel / survey / topography","Neutral","“Query Feature Service Layer” defines current product or platform behavior that Builder Assist must either support, safely adapt, or accurately distinguish from its own implementation.","A dependable, understandable, source-aware parcel/gis evidence workflow.","Vendor-controlled evidence verifies behavior but does not independently establish user sentiment or outcomes.","Official technical requirement","3","4","5","5","Previous 12 months","3","Expose parcel/gis evidence progressively with clear status and source context.","Implement parcel/gis evidence as an operational, persisted workflow rather than a decorative control.","Run the critical path and a realistic failure case for parcel/gis evidence on desktop and mobile.","Positive capability claims are balanced against direct-user failure reports and implementation constraints in the contradiction table.","Qualified",""
"S119","https://developers.cloudflare.com/d1/reference/time-travel/","Time Travel","Cloudflare","developers.cloudflare.com","Not available or not required for qualification","Not available","2026-08-27","Live versioned or maintained documentation inspected on access date","2026-08-27","Official product and technical documentation","Official documentation","Cloudflare","Construction company owner, project manager, estimator, superintendent, BIM/VDC, or administrator","General or stated by source","Desktop and/or unspecified; mobile implications tagged separately where applicable","Construction workflow and product operations","","","Neutral","“Time Travel” defines current product or platform behavior that Builder Assist must either support, safely adapt, or accurately distinguish from its own implementation.","A dependable, understandable, source-aware construction workflow and product operations workflow.","Vendor-controlled evidence verifies behavior but does not independently establish user sentiment or outcomes.","Official technical requirement","3","4","4","5","Previous 12 months","3","Expose construction workflow and product operations progressively with clear status and source context.","Implement construction workflow and product operations as an operational, persisted workflow rather than a decorative control.","Run the critical path and a realistic failure case for construction workflow and product operations on desktop and mobile.","Positive capability claims are balanced against direct-user failure reports and implementation constraints in the contradiction table.","Qualified",""
"S120","https://developers.cloudflare.com/d1/best-practices/retry-queries/","Retry Queries","Cloudflare","developers.cloudflare.com","Not available or not required for qualification","Not available","2026-08-27","Live versioned or maintained documentation inspected on access date","2026-08-27","Official product and technical documentation","Official documentation","Cloudflare","Construction company owner, project manager, estimator, superintendent, BIM/VDC, or administrator","General or stated by source","Desktop and/or unspecified; mobile implications tagged separately where applicable","Retry and idempotency","Error / outage / recovery / reliability","","Neutral","“Retry Queries” defines current product or platform behavior that Builder Assist must either support, safely adapt, or accurately distinguish from its own implementation.","A dependable, understandable, source-aware retry and idempotency workflow.","Vendor-controlled evidence verifies behavior but does not independently establish user sentiment or outcomes.","Official technical requirement","3","4","4","5","Previous 12 months","3","Expose retry and idempotency progressively with clear status and source context.","Implement retry and idempotency as an operational, persisted workflow rather than a decorative control.","Run the critical path and a realistic failure case for retry and idempotency on desktop and mobile.","Positive capability claims are balanced against direct-user failure reports and implementation constraints in the contradiction table.","Qualified",""
"S121","https://threejs.org/manual/en/responsive.html","Responsive","Three.js","threejs.org","Not available or not required for qualification","Not available","2026-08-27","Live versioned or maintained documentation inspected on access date","2026-08-27","Official product and technical documentation","Official documentation","Three.js","Construction company owner, project manager, estimator, superintendent, BIM/VDC, or administrator","General or stated by source","Mobile/tablet or narrow viewport","Responsive layout","","Mapping / responsive / accessibility UX | Browser 3D / WebGL / large-model performance","Neutral","“Responsive” defines current product or platform behavior that Builder Assist must either support, safely adapt, or accurately distinguish from its own implementation.","A dependable, understandable, source-aware responsive layout workflow.","Vendor-controlled evidence verifies behavior but does not independently establish user sentiment or outcomes.","Official technical requirement","3","4","4","5","Previous 12 months","3","Expose responsive layout progressively with clear status and source context.","Implement responsive layout as an operational, persisted workflow rather than a decorative control.","Run the critical path and a realistic failure case for responsive layout on desktop and mobile.","Positive capability claims are balanced against direct-user failure reports and implementation constraints in the contradiction table.","Qualified",""
"S122","https://threejs.org/manual/en/cleanup.html","Cleanup","Three.js","threejs.org","Not available or not required for qualification","Not available","2026-08-27","Live versioned or maintained documentation inspected on access date","2026-08-27","Official product and technical documentation","Official documentation","Three.js","Construction company owner, project manager, estimator, superintendent, BIM/VDC, or administrator","General or stated by source","Desktop and/or unspecified; mobile implications tagged separately where applicable","Construction workflow and product operations","","Browser 3D / WebGL / large-model performance","Neutral","“Cleanup” defines current product or platform behavior that Builder Assist must either support, safely adapt, or accurately distinguish from its own implementation.","A dependable, understandable, source-aware construction workflow and product operations workflow.","Vendor-controlled evidence verifies behavior but does not independently establish user sentiment or outcomes.","Official technical requirement","3","4","4","5","Previous 12 months","3","Expose construction workflow and product operations progressively with clear status and source context.","Implement construction workflow and product operations as an operational, persisted workflow rather than a decorative control.","Run the critical path and a realistic failure case for construction workflow and product operations on desktop and mobile.","Positive capability claims are balanced against direct-user failure reports and implementation constraints in the contradiction table.","Qualified",""
"S123","https://threejs.org/manual/en/optimize-lots-of-objects.html","Optimize Lots Of Objects","Three.js","threejs.org","Not available or not required for qualification","Not available","2026-08-27","Live versioned or maintained documentation inspected on access date","2026-08-27","Official product and technical documentation","Official documentation","Three.js","Construction company owner, project manager, estimator, superintendent, BIM/VDC, or administrator","General or stated by source","Desktop and/or unspecified; mobile implications tagged separately where applicable","Construction workflow and product operations","","Browser 3D / WebGL / large-model performance","Neutral","“Optimize Lots Of Objects” defines current product or platform behavior that Builder Assist must either support, safely adapt, or accurately distinguish from its own implementation.","A dependable, understandable, source-aware construction workflow and product operations workflow.","Vendor-controlled evidence verifies behavior but does not independently establish user sentiment or outcomes.","Official technical requirement","3","4","4","5","Previous 12 months","3","Expose construction workflow and product operations progressively with clear status and source context.","Implement construction workflow and product operations as an operational, persisted workflow rather than a decorative control.","Run the critical path and a realistic failure case for construction workflow and product operations on desktop and mobile.","Positive capability claims are balanced against direct-user failure reports and implementation constraints in the contradiction table.","Qualified",""
"S124","https://threejs.org/docs/","Docs","Three.js","threejs.org","Not available or not required for qualification","Not available","2026-08-27","Live versioned or maintained documentation inspected on access date","2026-08-27","Official product and technical documentation","Official documentation","Three.js","Construction company owner, project manager, estimator, superintendent, BIM/VDC, or administrator","General or stated by source","Desktop and/or unspecified; mobile implications tagged separately where applicable","Construction workflow and product operations","","Browser 3D / WebGL / large-model performance","Neutral","“Docs” defines current product or platform behavior that Builder Assist must either support, safely adapt, or accurately distinguish from its own implementation.","A dependable, understandable, source-aware construction workflow and product operations workflow.","Vendor-controlled evidence verifies behavior but does not independently establish user sentiment or outcomes.","Official technical requirement","3","4","4","5","Previous 12 months","3","Expose construction workflow and product operations progressively with clear status and source context.","Implement construction workflow and product operations as an operational, persisted workflow rather than a decorative control.","Run the critical path and a realistic failure case for construction workflow and product operations on desktop and mobile.","Positive capability claims are balanced against direct-user failure reports and implementation constraints in the contradiction table.","Qualified",""
"S125","https://www.usgs.gov/ngp-standards-and-specifications/3d-elevation-program-standards-and-specifications","3d Elevation Program Standards And Specifications","U.S. Geological Survey","usgs.gov","Not available or not required for qualification","Not available","2026-08-27","Live versioned or maintained documentation inspected on access date","2026-08-27","Official product and technical documentation","Official documentation","Builder Assist category or adjacent operational SaaS","Construction company owner, project manager, estimator, superintendent, BIM/VDC, or administrator","General or stated by source","Desktop and/or unspecified; mobile implications tagged separately where applicable","Construction workflow and product operations","","Authoritative GIS / parcel / survey / topography","Neutral","“3d Elevation Program Standards And Specifications” defines current product or platform behavior that Builder Assist must either support, safely adapt, or accurately distinguish from its own implementation.","A dependable, understandable, source-aware construction workflow and product operations workflow.","Vendor-controlled evidence verifies behavior but does not independently establish user sentiment or outcomes.","Official technical requirement","3","4","4","5","Previous 12 months","3","Expose construction workflow and product operations progressively with clear status and source context.","Implement construction workflow and product operations as an operational, persisted workflow rather than a decorative control.","Run the critical path and a realistic failure case for construction workflow and product operations on desktop and mobile.","Positive capability claims are balanced against direct-user failure reports and implementation constraints in the contradiction table.","Qualified",""
"S126","https://msc.fema.gov/portal/home","Home","FEMA","msc.fema.gov","Not available or not required for qualification","Not available","2026-08-27","Live versioned or maintained documentation inspected on access date","2026-08-27","Official product and technical documentation","Official documentation","Builder Assist category or adjacent operational SaaS","Construction company owner, project manager, estimator, superintendent, BIM/VDC, or administrator","General or stated by source","Desktop and/or unspecified; mobile implications tagged separately where applicable","Construction workflow and product operations","","Authoritative GIS / parcel / survey / topography","Neutral","“Home” defines current product or platform behavior that Builder Assist must either support, safely adapt, or accurately distinguish from its own implementation.","A dependable, understandable, source-aware construction workflow and product operations workflow.","Vendor-controlled evidence verifies behavior but does not independently establish user sentiment or outcomes.","Official technical requirement","3","4","4","5","Previous 12 months","3","Expose construction workflow and product operations progressively with clear status and source context.","Implement construction workflow and product operations as an operational, persisted workflow rather than a decorative control.","Run the critical path and a realistic failure case for construction workflow and product operations on desktop and mobile.","Positive capability claims are balanced against direct-user failure reports and implementation constraints in the contradiction table.","Qualified",""
"S127","https://www.ogc.org/standards/citygml/","Citygml","Open Geospatial Consortium","ogc.org","Not available or not required for qualification","Not available","2026-08-27","Live versioned or maintained documentation inspected on access date","2026-08-27","Official product and technical documentation","Official documentation","Builder Assist category or adjacent operational SaaS","Construction company owner, project manager, estimator, superintendent, BIM/VDC, or administrator","General or stated by source","Desktop and/or unspecified; mobile implications tagged separately where applicable","Construction workflow and product operations","","","Neutral","“Citygml” defines current product or platform behavior that Builder Assist must either support, safely adapt, or accurately distinguish from its own implementation.","A dependable, understandable, source-aware construction workflow and product operations workflow.","Vendor-controlled evidence verifies behavior but does not independently establish user sentiment or outcomes.","Official technical requirement","3","4","4","5","Previous 12 months","3","Expose construction workflow and product operations progressively with clear status and source context.","Implement construction workflow and product operations as an operational, persisted workflow rather than a decorative control.","Run the critical path and a realistic failure case for construction workflow and product operations on desktop and mobile.","Positive capability claims are balanced against direct-user failure reports and implementation constraints in the contradiction table.","Qualified",""
"S128","https://technical.buildingsmart.org/standards/ifc/","IFC","buildingSMART International","technical.buildingsmart.org","Not available or not required for qualification","Not available","2026-08-27","Live versioned or maintained documentation inspected on access date","2026-08-27","Official product and technical documentation","Official documentation","Builder Assist category or adjacent operational SaaS","Construction company owner, project manager, estimator, superintendent, BIM/VDC, or administrator","General or stated by source","Desktop and/or unspecified; mobile implications tagged separately where applicable","Construction workflow and product operations","","","Neutral","“IFC” defines current product or platform behavior that Builder Assist must either support, safely adapt, or accurately distinguish from its own implementation.","A dependable, understandable, source-aware construction workflow and product operations workflow.","Vendor-controlled evidence verifies behavior but does not independently establish user sentiment or outcomes.","Official technical requirement","3","4","4","5","Previous 12 months","3","Expose construction workflow and product operations progressively with clear status and source context.","Implement construction workflow and product operations as an operational, persisted workflow rather than a decorative control.","Run the critical path and a realistic failure case for construction workflow and product operations on desktop and mobile.","Positive capability claims are balanced against direct-user failure reports and implementation constraints in the contradiction table.","Qualified",""
"S129","https://technical.buildingsmart.org/standards/bcf/","Bcf","buildingSMART International","technical.buildingsmart.org","Not available or not required for qualification","Not available","2026-08-27","Live versioned or maintained documentation inspected on access date","2026-08-27","Official product and technical documentation","Official documentation","Builder Assist category or adjacent operational SaaS","Construction company owner, project manager, estimator, superintendent, BIM/VDC, or administrator","General or stated by source","Desktop and/or unspecified; mobile implications tagged separately where applicable","Construction workflow and product operations","","","Neutral","“Bcf” defines current product or platform behavior that Builder Assist must either support, safely adapt, or accurately distinguish from its own implementation.","A dependable, understandable, source-aware construction workflow and product operations workflow.","Vendor-controlled evidence verifies behavior but does not independently establish user sentiment or outcomes.","Official technical requirement","3","4","4","5","Previous 12 months","3","Expose construction workflow and product operations progressively with clear status and source context.","Implement construction workflow and product operations as an operational, persisted workflow rather than a decorative control.","Run the critical path and a realistic failure case for construction workflow and product operations on desktop and mobile.","Positive capability claims are balanced against direct-user failure reports and implementation constraints in the contradiction table.","Qualified",""
"S130","https://technical.buildingsmart.org/standards/ids/","Ids","buildingSMART International","technical.buildingsmart.org","Not available or not required for qualification","Not available","2026-08-27","Live versioned or maintained documentation inspected on access date","2026-08-27","Official product and technical documentation","Official documentation","Builder Assist category or adjacent operational SaaS","Construction company owner, project manager, estimator, superintendent, BIM/VDC, or administrator","General or stated by source","Desktop and/or unspecified; mobile implications tagged separately where applicable","Construction workflow and product operations","","","Neutral","“Ids” defines current product or platform behavior that Builder Assist must either support, safely adapt, or accurately distinguish from its own implementation.","A dependable, understandable, source-aware construction workflow and product operations workflow.","Vendor-controlled evidence verifies behavior but does not independently establish user sentiment or outcomes.","Official technical requirement","3","4","4","5","Previous 12 months","3","Expose construction workflow and product operations progressively with clear status and source context.","Implement construction workflow and product operations as an operational, persisted workflow rather than a decorative control.","Run the critical path and a realistic failure case for construction workflow and product operations on desktop and mobile.","Positive capability claims are balanced against direct-user failure reports and implementation constraints in the contradiction table.","Qualified",""
"S131","https://developers.cloudflare.com/d1/best-practices/import-export-data/","Import Export Data","Cloudflare","developers.cloudflare.com","Not available or not required for qualification","Not available","2026-08-27","Live versioned or maintained documentation inspected on access date","2026-08-27","Official product and technical documentation","Official documentation","Cloudflare","Construction company owner, project manager, estimator, superintendent, BIM/VDC, or administrator","General or stated by source","Desktop and/or unspecified; mobile implications tagged separately where applicable","Construction workflow and product operations","","","Neutral","“Import Export Data” defines current product or platform behavior that Builder Assist must either support, safely adapt, or accurately distinguish from its own implementation.","A dependable, understandable, source-aware construction workflow and product operations workflow.","Vendor-controlled evidence verifies behavior but does not independently establish user sentiment or outcomes.","Official technical requirement","3","4","4","5","Previous 12 months","3","Expose construction workflow and product operations progressively with clear status and source context.","Implement construction workflow and product operations as an operational, persisted workflow rather than a decorative control.","Run the critical path and a realistic failure case for construction workflow and product operations on desktop and mobile.","Positive capability claims are balanced against direct-user failure reports and implementation constraints in the contradiction table.","Qualified",""
"S132","https://developers.cloudflare.com/r2/reference/consistency/","Consistency","Cloudflare","developers.cloudflare.com","Not available or not required for qualification","Not available","2026-08-27","Live versioned or maintained documentation inspected on access date","2026-08-27","Official product and technical documentation","Official documentation","Cloudflare","Construction company owner, project manager, estimator, superintendent, BIM/VDC, or administrator","General or stated by source","Desktop and/or unspecified; mobile implications tagged separately where applicable","Construction workflow and product operations","","","Neutral","“Consistency” defines current product or platform behavior that Builder Assist must either support, safely adapt, or accurately distinguish from its own implementation.","A dependable, understandable, source-aware construction workflow and product operations workflow.","Vendor-controlled evidence verifies behavior but does not independently establish user sentiment or outcomes.","Official technical requirement","3","4","4","5","Previous 12 months","3","Expose construction workflow and product operations progressively with clear status and source context.","Implement construction workflow and product operations as an operational, persisted workflow rather than a decorative control.","Run the critical path and a realistic failure case for construction workflow and product operations on desktop and mobile.","Positive capability claims are balanced against direct-user failure reports and implementation constraints in the contradiction table.","Qualified",""
"S133","https://developers.cloudflare.com/workers/platform/limits/","Limits","Cloudflare","developers.cloudflare.com","Not available or not required for qualification","Not available","2026-08-27","Live versioned or maintained documentation inspected on access date","2026-08-27","Official product and technical documentation","Official documentation","Cloudflare","Construction company owner, project manager, estimator, superintendent, BIM/VDC, or administrator","General or stated by source","Desktop and/or unspecified; mobile implications tagged separately where applicable","Construction workflow and product operations","","","Neutral","“Limits” defines current product or platform behavior that Builder Assist must either support, safely adapt, or accurately distinguish from its own implementation.","A dependable, understandable, source-aware construction workflow and product operations workflow.","Vendor-controlled evidence verifies behavior but does not independently establish user sentiment or outcomes.","Official technical requirement","3","4","4","5","Previous 12 months","3","Expose construction workflow and product operations progressively with clear status and source context.","Implement construction workflow and product operations as an operational, persisted workflow rather than a decorative control.","Run the critical path and a realistic failure case for construction workflow and product operations on desktop and mobile.","Positive capability claims are balanced against direct-user failure reports and implementation constraints in the contradiction table.","Qualified",""
"S134","https://developers.cloudflare.com/d1/reference/migrations/","Migrations","Cloudflare","developers.cloudflare.com","Not available or not required for qualification","Not available","2026-08-27","Live versioned or maintained documentation inspected on access date","2026-08-27","Official product and technical documentation","Official documentation","Cloudflare","Construction company owner, project manager, estimator, superintendent, BIM/VDC, or administrator","General or stated by source","Desktop and/or unspecified; mobile implications tagged separately where applicable","Construction workflow and product operations","","","Neutral","“Migrations” defines current product or platform behavior that Builder Assist must either support, safely adapt, or accurately distinguish from its own implementation.","A dependable, understandable, source-aware construction workflow and product operations workflow.","Vendor-controlled evidence verifies behavior but does not independently establish user sentiment or outcomes.","Official technical requirement","3","4","4","5","Previous 12 months","3","Expose construction workflow and product operations progressively with clear status and source context.","Implement construction workflow and product operations as an operational, persisted workflow rather than a decorative control.","Run the critical path and a realistic failure case for construction workflow and product operations on desktop and mobile.","Positive capability claims are balanced against direct-user failure reports and implementation constraints in the contradiction table.","Qualified",""
"S135","https://developers.cloudflare.com/d1/platform/limits/","Limits","Cloudflare","developers.cloudflare.com","Not available or not required for qualification","Not available","2026-08-27","Live versioned or maintained documentation inspected on access date","2026-08-27","Official product and technical documentation","Official documentation","Cloudflare","Construction company owner, project manager, estimator, superintendent, BIM/VDC, or administrator","General or stated by source","Desktop and/or unspecified; mobile implications tagged separately where applicable","Construction workflow and product operations","","","Neutral","“Limits” defines current product or platform behavior that Builder Assist must either support, safely adapt, or accurately distinguish from its own implementation.","A dependable, understandable, source-aware construction workflow and product operations workflow.","Vendor-controlled evidence verifies behavior but does not independently establish user sentiment or outcomes.","Official technical requirement","3","4","4","5","Previous 12 months","3","Expose construction workflow and product operations progressively with clear status and source context.","Implement construction workflow and product operations as an operational, persisted workflow rather than a decorative control.","Run the critical path and a realistic failure case for construction workflow and product operations on desktop and mobile.","Positive capability claims are balanced against direct-user failure reports and implementation constraints in the contradiction table.","Qualified",""
"S136","https://www.w3.org/TR/WCAG22/","WCAG22","World Wide Web Consortium","w3.org","Not available or not required for qualification","Not available","2026-08-27","Live versioned or maintained documentation inspected on access date","2026-08-27","Research and standards","Accessibility/assistive-technology standard","Builder Assist category or adjacent operational SaaS","Keyboard, screen-reader, low-vision, and mobility-impaired users","General or stated by source","Desktop and/or unspecified; mobile implications tagged separately where applicable","Accessibility","Accessibility / assistive technology","Mapping / responsive / accessibility UX","Neutral","“WCAG22” establishes an accessibility requirement for keyboard, reflow, focus, status, error, touch-target, or semantic behavior in the critical workflow.","A dependable, understandable, source-aware accessibility workflow.","Scope, context, or methodology limits generalization; corroboration is required for high-impact decisions.","Recognized standard or institutional guidance","5","3","4","5","Previous 12 months","3","Provide an equivalent nonvisual or keyboard-operable path and expose provenance or status in text.","Implement accessibility according to the cited standard or research constraint.","Verify semantics, keyboard operation, reflow, or evidence linkage relevant to accessibility.","Positive capability claims are balanced against direct-user failure reports and implementation constraints in the contradiction table.","Qualified",""
"S137","https://www.w3.org/WAI/WCAG22/Understanding/reflow.html","Reflow","World Wide Web Consortium","w3.org","Not available or not required for qualification","Not available","2026-08-27","Live versioned or maintained documentation inspected on access date","2026-08-27","Research and standards","Accessibility/assistive-technology standard","Builder Assist category or adjacent operational SaaS","Keyboard, screen-reader, low-vision, and mobility-impaired users","General or stated by source","Mobile/tablet or narrow viewport","Accessibility","Accessibility / assistive technology","Mapping / responsive / accessibility UX","Neutral","“Reflow” establishes an accessibility requirement for keyboard, reflow, focus, status, error, touch-target, or semantic behavior in the critical workflow.","A dependable, understandable, source-aware accessibility workflow.","Scope, context, or methodology limits generalization; corroboration is required for high-impact decisions.","Recognized standard or institutional guidance","5","3","4","5","Previous 12 months","3","Provide an equivalent nonvisual or keyboard-operable path and expose provenance or status in text.","Implement accessibility according to the cited standard or research constraint.","Verify semantics, keyboard operation, reflow, or evidence linkage relevant to accessibility.","Positive capability claims are balanced against direct-user failure reports and implementation constraints in the contradiction table.","Qualified",""
"S138","https://www.w3.org/WAI/WCAG22/Understanding/target-size-minimum.html","Target Size Minimum","World Wide Web Consortium","w3.org","Not available or not required for qualification","Not available","2026-08-27","Live versioned or maintained documentation inspected on access date","2026-08-27","Research and standards","Accessibility/assistive-technology standard","Builder Assist category or adjacent operational SaaS","Keyboard, screen-reader, low-vision, and mobility-impaired users","General or stated by source","Desktop and/or unspecified; mobile implications tagged separately where applicable","Accessibility","Accessibility / assistive technology","Mapping / responsive / accessibility UX","Neutral","“Target Size Minimum” establishes an accessibility requirement for keyboard, reflow, focus, status, error, touch-target, or semantic behavior in the critical workflow.","A dependable, understandable, source-aware accessibility workflow.","Scope, context, or methodology limits generalization; corroboration is required for high-impact decisions.","Recognized standard or institutional guidance","5","3","4","5","Previous 12 months","3","Provide an equivalent nonvisual or keyboard-operable path and expose provenance or status in text.","Implement accessibility according to the cited standard or research constraint.","Verify semantics, keyboard operation, reflow, or evidence linkage relevant to accessibility.","Positive capability claims are balanced against direct-user failure reports and implementation constraints in the contradiction table.","Qualified",""
"S139","https://www.w3.org/WAI/WCAG22/Understanding/focus-not-obscured-minimum.html","Focus Not Obscured Minimum","World Wide Web Consortium","w3.org","Not available or not required for qualification","Not available","2026-08-27","Live versioned or maintained documentation inspected on access date","2026-08-27","Research and standards","Accessibility/assistive-technology standard","Builder Assist category or adjacent operational SaaS","Keyboard, screen-reader, low-vision, and mobility-impaired users","General or stated by source","Desktop and/or unspecified; mobile implications tagged separately where applicable","Accessibility","Accessibility / assistive technology","Mapping / responsive / accessibility UX","Neutral","“Focus Not Obscured Minimum” establishes an accessibility requirement for keyboard, reflow, focus, status, error, touch-target, or semantic behavior in the critical workflow.","A dependable, understandable, source-aware accessibility workflow.","Scope, context, or methodology limits generalization; corroboration is required for high-impact decisions.","Recognized standard or institutional guidance","5","3","4","5","Previous 12 months","3","Provide an equivalent nonvisual or keyboard-operable path and expose provenance or status in text.","Implement accessibility according to the cited standard or research constraint.","Verify semantics, keyboard operation, reflow, or evidence linkage relevant to accessibility.","Positive capability claims are balanced against direct-user failure reports and implementation constraints in the contradiction table.","Qualified",""
"S140","https://www.w3.org/WAI/WCAG22/Understanding/status-messages.html","Status Messages","World Wide Web Consortium","w3.org","Not available or not required for qualification","Not available","2026-08-27","Live versioned or maintained documentation inspected on access date","2026-08-27","Research and standards","Accessibility/assistive-technology standard","Builder Assist category or adjacent operational SaaS","Keyboard, screen-reader, low-vision, and mobility-impaired users","General or stated by source","Desktop and/or unspecified; mobile implications tagged separately where applicable","Accessibility","Accessibility / assistive technology","Mapping / responsive / accessibility UX","Neutral","“Status Messages” establishes an accessibility requirement for keyboard, reflow, focus, status, error, touch-target, or semantic behavior in the critical workflow.","A dependable, understandable, source-aware accessibility workflow.","Scope, context, or methodology limits generalization; corroboration is required for high-impact decisions.","Recognized standard or institutional guidance","5","3","4","5","Previous 12 months","3","Provide an equivalent nonvisual or keyboard-operable path and expose provenance or status in text.","Implement accessibility according to the cited standard or research constraint.","Verify semantics, keyboard operation, reflow, or evidence linkage relevant to accessibility.","Positive capability claims are balanced against direct-user failure reports and implementation constraints in the contradiction table.","Qualified",""
"S141","https://www.w3.org/WAI/ARIA/apg/patterns/toolbar/","Toolbar","World Wide Web Consortium","w3.org","Not available or not required for qualification","Not available","2026-08-27","Live versioned or maintained documentation inspected on access date","2026-08-27","Research and standards","Accessibility/assistive-technology standard","Builder Assist category or adjacent operational SaaS","Construction company owner, project manager, estimator, superintendent, BIM/VDC, or administrator","General or stated by source","Desktop and/or unspecified; mobile implications tagged separately where applicable","Construction workflow and product operations","Accessibility / assistive technology","Mapping / responsive / accessibility UX","Neutral","“Toolbar” establishes an accessibility requirement for keyboard, reflow, focus, status, error, touch-target, or semantic behavior in the critical workflow.","A dependable, understandable, source-aware construction workflow and product operations workflow.","Scope, context, or methodology limits generalization; corroboration is required for high-impact decisions.","Recognized standard or institutional guidance","5","3","4","5","Previous 12 months","3","Provide an equivalent nonvisual or keyboard-operable path and expose provenance or status in text.","Implement construction workflow and product operations according to the cited standard or research constraint.","Verify semantics, keyboard operation, reflow, or evidence linkage relevant to construction workflow and product operations.","Positive capability claims are balanced against direct-user failure reports and implementation constraints in the contradiction table.","Qualified",""
"S142","https://www.w3.org/WAI/ARIA/apg/patterns/dialog-modal/","Dialog Modal","World Wide Web Consortium","w3.org","Not available or not required for qualification","Not available","2026-08-27","Live versioned or maintained documentation inspected on access date","2026-08-27","Research and standards","Accessibility/assistive-technology standard","Builder Assist category or adjacent operational SaaS","Construction company owner, project manager, estimator, superintendent, BIM/VDC, or administrator","General or stated by source","Desktop and/or unspecified; mobile implications tagged separately where applicable","Accessible dialogs","Accessibility / assistive technology","Mapping / responsive / accessibility UX","Neutral","“Dialog Modal” establishes an accessibility requirement for keyboard, reflow, focus, status, error, touch-target, or semantic behavior in the critical workflow.","A dependable, understandable, source-aware accessible dialogs workflow.","Scope, context, or methodology limits generalization; corroboration is required for high-impact decisions.","Recognized standard or institutional guidance","5","3","4","5","Previous 12 months","3","Provide an equivalent nonvisual or keyboard-operable path and expose provenance or status in text.","Implement accessible dialogs according to the cited standard or research constraint.","Verify semantics, keyboard operation, reflow, or evidence linkage relevant to accessible dialogs.","Positive capability claims are balanced against direct-user failure reports and implementation constraints in the contradiction table.","Qualified",""
"S143","https://www.w3.org/WAI/ARIA/apg/patterns/slider/","Slider","World Wide Web Consortium","w3.org","Not available or not required for qualification","Not available","2026-08-27","Live versioned or maintained documentation inspected on access date","2026-08-27","Research and standards","Accessibility/assistive-technology standard","Builder Assist category or adjacent operational SaaS","Construction company owner, project manager, estimator, superintendent, BIM/VDC, or administrator","General or stated by source","Desktop and/or unspecified; mobile implications tagged separately where applicable","Construction workflow and product operations","Accessibility / assistive technology","Mapping / responsive / accessibility UX","Neutral","“Slider” establishes an accessibility requirement for keyboard, reflow, focus, status, error, touch-target, or semantic behavior in the critical workflow.","A dependable, understandable, source-aware construction workflow and product operations workflow.","Scope, context, or methodology limits generalization; corroboration is required for high-impact decisions.","Recognized standard or institutional guidance","5","3","4","5","Previous 12 months","3","Provide an equivalent nonvisual or keyboard-operable path and expose provenance or status in text.","Implement construction workflow and product operations according to the cited standard or research constraint.","Verify semantics, keyboard operation, reflow, or evidence linkage relevant to construction workflow and product operations.","Positive capability claims are balanced against direct-user failure reports and implementation constraints in the contradiction table.","Qualified",""
"S144","https://www.w3.org/WAI/ARIA/apg/patterns/tabs/","Tabs","World Wide Web Consortium","w3.org","Not available or not required for qualification","Not available","2026-08-27","Live versioned or maintained documentation inspected on access date","2026-08-27","Research and standards","Accessibility/assistive-technology standard","Builder Assist category or adjacent operational SaaS","Construction company owner, project manager, estimator, superintendent, BIM/VDC, or administrator","General or stated by source","Desktop and/or unspecified; mobile implications tagged separately where applicable","Accessible navigation","Accessibility / assistive technology","Mapping / responsive / accessibility UX","Neutral","“Tabs” establishes an accessibility requirement for keyboard, reflow, focus, status, error, touch-target, or semantic behavior in the critical workflow.","A dependable, understandable, source-aware accessible navigation workflow.","Scope, context, or methodology limits generalization; corroboration is required for high-impact decisions.","Recognized standard or institutional guidance","5","3","4","5","Previous 12 months","3","Provide an equivalent nonvisual or keyboard-operable path and expose provenance or status in text.","Implement accessible navigation according to the cited standard or research constraint.","Verify semantics, keyboard operation, reflow, or evidence linkage relevant to accessible navigation.","Positive capability claims are balanced against direct-user failure reports and implementation constraints in the contradiction table.","Qualified",""
"S145","https://www.w3.org/WAI/ARIA/apg/patterns/tooltip/","Tooltip","World Wide Web Consortium","w3.org","Not available or not required for qualification","Not available","2026-08-27","Live versioned or maintained documentation inspected on access date","2026-08-27","Research and standards","Accessibility/assistive-technology standard","Builder Assist category or adjacent operational SaaS","Construction company owner, project manager, estimator, superintendent, BIM/VDC, or administrator","General or stated by source","Desktop and/or unspecified; mobile implications tagged separately where applicable","Accessible help","Accessibility / assistive technology","Mapping / responsive / accessibility UX","Neutral","“Tooltip” establishes an accessibility requirement for keyboard, reflow, focus, status, error, touch-target, or semantic behavior in the critical workflow.","A dependable, understandable, source-aware accessible help workflow.","Scope, context, or methodology limits generalization; corroboration is required for high-impact decisions.","Recognized standard or institutional guidance","5","3","4","5","Previous 12 months","3","Provide an equivalent nonvisual or keyboard-operable path and expose provenance or status in text.","Implement accessible help according to the cited standard or research constraint.","Verify semantics, keyboard operation, reflow, or evidence linkage relevant to accessible help.","Positive capability claims are balanced against direct-user failure reports and implementation constraints in the contradiction table.","Qualified",""
"S146","https://www.access-board.gov/ict/","Ict","U.S. Access Board","access-board.gov","Not available or not required for qualification","Not available","2026-08-27","Live versioned or maintained documentation inspected on access date","2026-08-27","Research and standards","Accessibility/assistive-technology standard","Builder Assist category or adjacent operational SaaS","Construction company owner, project manager, estimator, superintendent, BIM/VDC, or administrator","General or stated by source","Desktop and/or unspecified; mobile implications tagged separately where applicable","Construction workflow and product operations","Accessibility / assistive technology","Mapping / responsive / accessibility UX","Neutral","“Ict” establishes an accessibility requirement for keyboard, reflow, focus, status, error, touch-target, or semantic behavior in the critical workflow.","A dependable, understandable, source-aware construction workflow and product operations workflow.","Scope, context, or methodology limits generalization; corroboration is required for high-impact decisions.","Recognized standard or institutional guidance","5","3","4","5","Previous 12 months","3","Provide an equivalent nonvisual or keyboard-operable path and expose provenance or status in text.","Implement construction workflow and product operations according to the cited standard or research constraint.","Verify semantics, keyboard operation, reflow, or evidence linkage relevant to construction workflow and product operations.","Positive capability claims are balanced against direct-user failure reports and implementation constraints in the contradiction table.","Qualified",""
"S147","https://www.access-board.gov/ict/guide/software.html","Software","U.S. Access Board","access-board.gov","Not available or not required for qualification","Not available","2026-08-27","Live versioned or maintained documentation inspected on access date","2026-08-27","Research and standards","Accessibility/assistive-technology standard","Builder Assist category or adjacent operational SaaS","Construction company owner, project manager, estimator, superintendent, BIM/VDC, or administrator","General or stated by source","Desktop and/or unspecified; mobile implications tagged separately where applicable","Construction workflow and product operations","Accessibility / assistive technology","Mapping / responsive / accessibility UX","Neutral","“Software” establishes an accessibility requirement for keyboard, reflow, focus, status, error, touch-target, or semantic behavior in the critical workflow.","A dependable, understandable, source-aware construction workflow and product operations workflow.","Scope, context, or methodology limits generalization; corroboration is required for high-impact decisions.","Recognized standard or institutional guidance","5","3","4","5","Previous 12 months","3","Provide an equivalent nonvisual or keyboard-operable path and expose provenance or status in text.","Implement construction workflow and product operations according to the cited standard or research constraint.","Verify semantics, keyboard operation, reflow, or evidence linkage relevant to construction workflow and product operations.","Positive capability claims are balanced against direct-user failure reports and implementation constraints in the contradiction table.","Qualified",""
"S148","https://www.access-board.gov/ict/guide/web.html","Web","U.S. Access Board","access-board.gov","Not available or not required for qualification","Not available","2026-08-27","Live versioned or maintained documentation inspected on access date","2026-08-27","Research and standards","Accessibility/assistive-technology standard","Builder Assist category or adjacent operational SaaS","Construction company owner, project manager, estimator, superintendent, BIM/VDC, or administrator","General or stated by source","Desktop and/or unspecified; mobile implications tagged separately where applicable","Construction workflow and product operations","Accessibility / assistive technology","Mapping / responsive / accessibility UX","Neutral","“Web” establishes an accessibility requirement for keyboard, reflow, focus, status, error, touch-target, or semantic behavior in the critical workflow.","A dependable, understandable, source-aware construction workflow and product operations workflow.","Scope, context, or methodology limits generalization; corroboration is required for high-impact decisions.","Recognized standard or institutional guidance","5","3","4","5","Previous 12 months","3","Provide an equivalent nonvisual or keyboard-operable path and expose provenance or status in text.","Implement construction workflow and product operations according to the cited standard or research constraint.","Verify semantics, keyboard operation, reflow, or evidence linkage relevant to construction workflow and product operations.","Positive capability claims are balanced against direct-user failure reports and implementation constraints in the contradiction table.","Qualified",""
"S149","https://developer.android.com/guide/topics/ui/accessibility/apps","Apps","Android Developers","developer.android.com","Not available or not required for qualification","Not available","2026-08-27","Live versioned or maintained documentation inspected on access date","2026-08-27","Research and standards","Accessibility/assistive-technology standard","Builder Assist category or adjacent operational SaaS","Keyboard, screen-reader, low-vision, and mobility-impaired users","General or stated by source","Desktop and/or unspecified; mobile implications tagged separately where applicable","Accessibility","Accessibility / assistive technology","Mapping / responsive / accessibility UX","Neutral","“Apps” establishes an accessibility requirement for keyboard, reflow, focus, status, error, touch-target, or semantic behavior in the critical workflow.","A dependable, understandable, source-aware accessibility workflow.","Scope, context, or methodology limits generalization; corroboration is required for high-impact decisions.","Recognized standard or institutional guidance","5","3","5","5","Previous 12 months","3","Provide an equivalent nonvisual or keyboard-operable path and expose provenance or status in text.","Implement accessibility according to the cited standard or research constraint.","Verify semantics, keyboard operation, reflow, or evidence linkage relevant to accessibility.","Positive capability claims are balanced against direct-user failure reports and implementation constraints in the contradiction table.","Qualified",""
"S150","https://www.section508.gov/develop/guide-accessible-web-design-development/","Guide Accessible Web Design Development","U.S. General Services Administration","section508.gov","Not available or not required for qualification","Not available","2026-08-27","Live versioned or maintained documentation inspected on access date","2026-08-27","Research and standards","Accessibility/assistive-technology standard","Builder Assist category or adjacent operational SaaS","Construction company owner, project manager, estimator, superintendent, BIM/VDC, or administrator","General or stated by source","Desktop and/or unspecified; mobile implications tagged separately where applicable","Section and clipping","Accessibility / assistive technology","Mapping / responsive / accessibility UX","Neutral","“Guide Accessible Web Design Development” establishes an accessibility requirement for keyboard, reflow, focus, status, error, touch-target, or semantic behavior in the critical workflow.","A dependable, understandable, source-aware section and clipping workflow.","Scope, context, or methodology limits generalization; corroboration is required for high-impact decisions.","Recognized standard or institutional guidance","5","3","5","5","Previous 12 months","3","Provide an equivalent nonvisual or keyboard-operable path and expose provenance or status in text.","Implement section and clipping according to the cited standard or research constraint.","Verify semantics, keyboard operation, reflow, or evidence linkage relevant to section and clipping.","Positive capability claims are balanced against direct-user failure reports and implementation constraints in the contradiction table.","Qualified",""
"S151","https://www.section508.gov/create/","Create","U.S. General Services Administration","section508.gov","Not available or not required for qualification","Not available","2026-08-27","Live versioned or maintained documentation inspected on access date","2026-08-27","Research and standards","Accessibility/assistive-technology standard","Builder Assist category or adjacent operational SaaS","Construction company owner, project manager, estimator, superintendent, BIM/VDC, or administrator","General or stated by source","Desktop and/or unspecified; mobile implications tagged separately where applicable","Section and clipping","Accessibility / assistive technology","Mapping / responsive / accessibility UX","Neutral","“Create” establishes an accessibility requirement for keyboard, reflow, focus, status, error, touch-target, or semantic behavior in the critical workflow.","A dependable, understandable, source-aware section and clipping workflow.","Scope, context, or methodology limits generalization; corroboration is required for high-impact decisions.","Recognized standard or institutional guidance","5","3","4","5","Previous 12 months","3","Provide an equivalent nonvisual or keyboard-operable path and expose provenance or status in text.","Implement section and clipping according to the cited standard or research constraint.","Verify semantics, keyboard operation, reflow, or evidence linkage relevant to section and clipping.","Positive capability claims are balanced against direct-user failure reports and implementation constraints in the contradiction table.","Qualified",""
"S152","https://www.section508.gov/test/trusted-tester/","Trusted Tester","U.S. General Services Administration","section508.gov","Not available or not required for qualification","Not available","2026-08-27","Live versioned or maintained documentation inspected on access date","2026-08-27","Research and standards","Accessibility/assistive-technology standard","Builder Assist category or adjacent operational SaaS","Construction company owner, project manager, estimator, superintendent, BIM/VDC, or administrator","General or stated by source","Desktop and/or unspecified; mobile implications tagged separately where applicable","Section and clipping","Privacy / security / trust | Accessibility / assistive technology","Mapping / responsive / accessibility UX","Neutral","“Trusted Tester” establishes an accessibility requirement for keyboard, reflow, focus, status, error, touch-target, or semantic behavior in the critical workflow.","A dependable, understandable, source-aware section and clipping workflow.","Scope, context, or methodology limits generalization; corroboration is required for high-impact decisions.","Recognized standard or institutional guidance","5","3","4","5","Previous 12 months","3","Provide an equivalent nonvisual or keyboard-operable path and expose provenance or status in text.","Implement section and clipping according to the cited standard or research constraint.","Verify semantics, keyboard operation, reflow, or evidence linkage relevant to section and clipping.","Positive capability claims are balanced against direct-user failure reports and implementation constraints in the contradiction table.","Qualified",""
"S153","https://www.section508.gov/develop/integrate-section-508-in-agile-sprint/","Integrate Section 508 In Agile Sprint","U.S. General Services Administration","section508.gov","Not available or not required for qualification","Not available","2026-08-27","Live versioned or maintained documentation inspected on access date","2026-08-27","Research and standards","Accessibility/assistive-technology standard","Builder Assist category or adjacent operational SaaS","Construction company owner, project manager, estimator, superintendent, BIM/VDC, or administrator","General or stated by source","Desktop and/or unspecified; mobile implications tagged separately where applicable","Section and clipping","Accessibility / assistive technology","Mapping / responsive / accessibility UX","Neutral","“Integrate Section 508 In Agile Sprint” establishes an accessibility requirement for keyboard, reflow, focus, status, error, touch-target, or semantic behavior in the critical workflow.","A dependable, understandable, source-aware section and clipping workflow.","Scope, context, or methodology limits generalization; corroboration is required for high-impact decisions.","Recognized standard or institutional guidance","5","3","4","5","Previous 12 months","3","Provide an equivalent nonvisual or keyboard-operable path and expose provenance or status in text.","Implement section and clipping according to the cited standard or research constraint.","Verify semantics, keyboard operation, reflow, or evidence linkage relevant to section and clipping.","Positive capability claims are balanced against direct-user failure reports and implementation constraints in the contradiction table.","Qualified",""
"S154","https://www.section508.gov/develop/incorporating-accessibility-conformance/","Incorporating Accessibility Conformance","U.S. General Services Administration","section508.gov","Not available or not required for qualification","Not available","2026-08-27","Live versioned or maintained documentation inspected on access date","2026-08-27","Research and standards","Accessibility/assistive-technology standard","Builder Assist category or adjacent operational SaaS","Construction company owner, project manager, estimator, superintendent, BIM/VDC, or administrator","General or stated by source","Desktop and/or unspecified; mobile implications tagged separately where applicable","Section and clipping","Accessibility / assistive technology","Mapping / responsive / accessibility UX","Neutral","“Incorporating Accessibility Conformance” establishes an accessibility requirement for keyboard, reflow, focus, status, error, touch-target, or semantic behavior in the critical workflow.","A dependable, understandable, source-aware section and clipping workflow.","Scope, context, or methodology limits generalization; corroboration is required for high-impact decisions.","Recognized standard or institutional guidance","5","3","5","5","Previous 12 months","3","Provide an equivalent nonvisual or keyboard-operable path and expose provenance or status in text.","Implement section and clipping according to the cited standard or research constraint.","Verify semantics, keyboard operation, reflow, or evidence linkage relevant to section and clipping.","Positive capability claims are balanced against direct-user failure reports and implementation constraints in the contradiction table.","Qualified",""
"S155","https://design-system.service.gov.uk/components/error-message/","Error Message","GOV.UK Design System","design-system.service.gov.uk","Not available or not required for qualification","Not available","2026-08-27","Live versioned or maintained documentation inspected on access date","2026-08-27","Research and standards","Accessibility/assistive-technology standard","Builder Assist category or adjacent operational SaaS","Construction company owner, project manager, estimator, superintendent, BIM/VDC, or administrator","General or stated by source","Desktop and/or unspecified; mobile implications tagged separately where applicable","Error visibility and recovery","Error / outage / recovery / reliability | Accessibility / assistive technology","Mapping / responsive / accessibility UX","Neutral","“Error Message” establishes an accessibility requirement for keyboard, reflow, focus, status, error, touch-target, or semantic behavior in the critical workflow.","A dependable, understandable, source-aware error visibility and recovery workflow.","Scope, context, or methodology limits generalization; corroboration is required for high-impact decisions.","Recognized standard or institutional guidance","5","3","4","5","Previous 12 months","5","Provide an equivalent nonvisual or keyboard-operable path and expose provenance or status in text.","Implement error visibility and recovery according to the cited standard or research constraint.","Verify semantics, keyboard operation, reflow, or evidence linkage relevant to error visibility and recovery.","Positive capability claims are balanced against direct-user failure reports and implementation constraints in the contradiction table.","Qualified",""
"S156","https://design-system.service.gov.uk/components/error-summary/","Error Summary","GOV.UK Design System","design-system.service.gov.uk","Not available or not required for qualification","Not available","2026-08-27","Live versioned or maintained documentation inspected on access date","2026-08-27","Research and standards","Accessibility/assistive-technology standard","Builder Assist category or adjacent operational SaaS","Construction company owner, project manager, estimator, superintendent, BIM/VDC, or administrator","General or stated by source","Desktop and/or unspecified; mobile implications tagged separately where applicable","Error visibility and recovery","Error / outage / recovery / reliability | Accessibility / assistive technology","Mapping / responsive / accessibility UX","Neutral","“Error Summary” establishes an accessibility requirement for keyboard, reflow, focus, status, error, touch-target, or semantic behavior in the critical workflow.","A dependable, understandable, source-aware error visibility and recovery workflow.","Scope, context, or methodology limits generalization; corroboration is required for high-impact decisions.","Recognized standard or institutional guidance","5","3","4","5","Previous 12 months","5","Provide an equivalent nonvisual or keyboard-operable path and expose provenance or status in text.","Implement error visibility and recovery according to the cited standard or research constraint.","Verify semantics, keyboard operation, reflow, or evidence linkage relevant to error visibility and recovery.","Positive capability claims are balanced against direct-user failure reports and implementation constraints in the contradiction table.","Qualified",""
"S157","https://design-system.service.gov.uk/components/notification-banner/","Notification Banner","GOV.UK Design System","design-system.service.gov.uk","Not available or not required for qualification","Not available","2026-08-27","Live versioned or maintained documentation inspected on access date","2026-08-27","Research and standards","Accessibility/assistive-technology standard","Builder Assist category or adjacent operational SaaS","Construction company owner, project manager, estimator, superintendent, BIM/VDC, or administrator","General or stated by source","Desktop and/or unspecified; mobile implications tagged separately where applicable","Construction workflow and product operations","Accessibility / assistive technology","Mapping / responsive / accessibility UX","Neutral","“Notification Banner” establishes an accessibility requirement for keyboard, reflow, focus, status, error, touch-target, or semantic behavior in the critical workflow.","A dependable, understandable, source-aware construction workflow and product operations workflow.","Scope, context, or methodology limits generalization; corroboration is required for high-impact decisions.","Recognized standard or institutional guidance","5","3","4","5","Previous 12 months","3","Provide an equivalent nonvisual or keyboard-operable path and expose provenance or status in text.","Implement construction workflow and product operations according to the cited standard or research constraint.","Verify semantics, keyboard operation, reflow, or evidence linkage relevant to construction workflow and product operations.","Positive capability claims are balanced against direct-user failure reports and implementation constraints in the contradiction table.","Qualified",""
"S158","https://design-system.service.gov.uk/components/tabs/","Tabs","GOV.UK Design System","design-system.service.gov.uk","Not available or not required for qualification","Not available","2026-08-27","Live versioned or maintained documentation inspected on access date","2026-08-27","Research and standards","Accessibility/assistive-technology standard","Builder Assist category or adjacent operational SaaS","Construction company owner, project manager, estimator, superintendent, BIM/VDC, or administrator","General or stated by source","Desktop and/or unspecified; mobile implications tagged separately where applicable","Accessible navigation","Accessibility / assistive technology","Mapping / responsive / accessibility UX","Neutral","“Tabs” establishes an accessibility requirement for keyboard, reflow, focus, status, error, touch-target, or semantic behavior in the critical workflow.","A dependable, understandable, source-aware accessible navigation workflow.","Scope, context, or methodology limits generalization; corroboration is required for high-impact decisions.","Recognized standard or institutional guidance","5","3","4","5","Previous 12 months","3","Provide an equivalent nonvisual or keyboard-operable path and expose provenance or status in text.","Implement accessible navigation according to the cited standard or research constraint.","Verify semantics, keyboard operation, reflow, or evidence linkage relevant to accessible navigation.","Positive capability claims are balanced against direct-user failure reports and implementation constraints in the contradiction table.","Qualified",""
"S159","https://design-system.service.gov.uk/components/file-upload/","File Upload","GOV.UK Design System","design-system.service.gov.uk","Not available or not required for qualification","Not available","2026-08-27","Live versioned or maintained documentation inspected on access date","2026-08-27","Research and standards","Accessibility/assistive-technology standard","Builder Assist category or adjacent operational SaaS","Construction company owner, project manager, estimator, superintendent, BIM/VDC, or administrator","General or stated by source","Desktop and/or unspecified; mobile implications tagged separately where applicable","Plan upload and validation","Accessibility / assistive technology","Mapping / responsive / accessibility UX","Neutral","“File Upload” establishes an accessibility requirement for keyboard, reflow, focus, status, error, touch-target, or semantic behavior in the critical workflow.","A dependable, understandable, source-aware plan upload and validation workflow.","Scope, context, or methodology limits generalization; corroboration is required for high-impact decisions.","Recognized standard or institutional guidance","5","3","5","5","Previous 12 months","3","Provide an equivalent nonvisual or keyboard-operable path and expose provenance or status in text.","Implement plan upload and validation according to the cited standard or research constraint.","Verify semantics, keyboard operation, reflow, or evidence linkage relevant to plan upload and validation.","Positive capability claims are balanced against direct-user failure reports and implementation constraints in the contradiction table.","Qualified",""
"S160","https://carbondesignsystem.com/guidelines/accessibility/overview/","Overview","Carbon Design System","carbondesignsystem.com","Not available or not required for qualification","Not available","2026-08-27","Live versioned or maintained documentation inspected on access date","2026-08-27","Research and standards","Accessibility/assistive-technology standard","Builder Assist category or adjacent operational SaaS","Keyboard, screen-reader, low-vision, and mobility-impaired users","General or stated by source","Desktop and/or unspecified; mobile implications tagged separately where applicable","Accessibility","Accessibility / assistive technology","Mapping / responsive / accessibility UX","Neutral","“Overview” establishes an accessibility requirement for keyboard, reflow, focus, status, error, touch-target, or semantic behavior in the critical workflow.","A dependable, understandable, source-aware accessibility workflow.","Scope, context, or methodology limits generalization; corroboration is required for high-impact decisions.","Recognized standard or institutional guidance","5","3","5","5","Previous 12 months","3","Provide an equivalent nonvisual or keyboard-operable path and expose provenance or status in text.","Implement accessibility according to the cited standard or research constraint.","Verify semantics, keyboard operation, reflow, or evidence linkage relevant to accessibility.","Positive capability claims are balanced against direct-user failure reports and implementation constraints in the contradiction table.","Qualified",""
"S161","https://www.itcon.org/papers/2026_07-ITcon-Wang.pdf","Web-based BIM applications for construction information access","ITcon","itcon.org","Not available or not required for qualification","2026","Not available","Date displayed in inspected content or publication","2026-08-27","Research and standards","BIM/digital-twin/4D research","Builder Assist category or adjacent operational SaaS","Construction company owner, project manager, estimator, superintendent, BIM/VDC, or administrator","General or stated by source","Desktop and/or unspecified; mobile implications tagged separately where applicable","3D/BIM model viewing","","BIM / digital twin / 4D sequencing","Neutral","“Web-based BIM applications for construction information access” supports linking geometry, information, and time rather than presenting disconnected visual states, with provenance and uncertainty needed for trust.","A dependable, understandable, source-aware 3d/bim model viewing workflow.","Scope, context, or methodology limits generalization; corroboration is required for high-impact decisions.","Peer-reviewed or institutional research","5","3","5","5","Previous 12 months","3","Provide an equivalent nonvisual or keyboard-operable path and expose provenance or status in text.","Implement 3d/bim model viewing according to the cited standard or research constraint.","Verify semantics, keyboard operation, reflow, or evidence linkage relevant to 3d/bim model viewing.","Positive capability claims are balanced against direct-user failure reports and implementation constraints in the contradiction table.","Qualified",""
"S162","https://www.frontiersin.org/journals/built-environment/articles/10.3389/fbuil.2024.1486423/full","Digital twins in the built environment: implementation evidence","Frontiers","frontiersin.org","Not available or not required for qualification","2024","Not available","Date displayed in inspected content or publication","2026-08-27","Research and standards","BIM/digital-twin/4D research","Builder Assist category or adjacent operational SaaS","Construction company owner, project manager, estimator, superintendent, BIM/VDC, or administrator","General or stated by source","Desktop and/or unspecified; mobile implications tagged separately where applicable","Digital twin and construction sequencing","","BIM / digital twin / 4D sequencing","Neutral","“Digital twins in the built environment: implementation evidence” supports linking geometry, information, and time rather than presenting disconnected visual states, with provenance and uncertainty needed for trust.","A dependable, understandable, source-aware digital twin and construction sequencing workflow.","Scope, context, or methodology limits generalization; corroboration is required for high-impact decisions.","Peer-reviewed or institutional research","5","3","4","4","Previous 36 months","3","Provide an equivalent nonvisual or keyboard-operable path and expose provenance or status in text.","Implement digital twin and construction sequencing according to the cited standard or research constraint.","Verify semantics, keyboard operation, reflow, or evidence linkage relevant to digital twin and construction sequencing.","Positive capability claims are balanced against direct-user failure reports and implementation constraints in the contradiction table.","Qualified",""
"S163","https://pmc.ncbi.nlm.nih.gov/articles/PMC10051241/","Digital twin research for construction and the built environment","U.S. National Institutes of Health","pmc.ncbi.nlm.nih.gov","Not available or not required for qualification","2023","Not available","Date displayed in inspected content or publication","2026-08-27","Research and standards","BIM/digital-twin/4D research","Builder Assist category or adjacent operational SaaS","Construction company owner, project manager, estimator, superintendent, BIM/VDC, or administrator","General or stated by source","Desktop and/or unspecified; mobile implications tagged separately where applicable","Digital twin and construction sequencing","","BIM / digital twin / 4D sequencing","Neutral","“Digital twin research for construction and the built environment” supports linking geometry, information, and time rather than presenting disconnected visual states, with provenance and uncertainty needed for trust.","A dependable, understandable, source-aware digital twin and construction sequencing workflow.","Scope, context, or methodology limits generalization; corroboration is required for high-impact decisions.","Peer-reviewed or institutional research","5","3","5","4","Previous 36 months","3","Provide an equivalent nonvisual or keyboard-operable path and expose provenance or status in text.","Implement digital twin and construction sequencing according to the cited standard or research constraint.","Verify semantics, keyboard operation, reflow, or evidence linkage relevant to digital twin and construction sequencing.","Positive capability claims are balanced against direct-user failure reports and implementation constraints in the contradiction table.","Qualified",""
"S164","https://www.itcon.org/papers/2025_15-ITcon-Oyediran.pdf","BIM and digital-twin construction research","ITcon","itcon.org","Not available or not required for qualification","2025","Not available","Date displayed in inspected content or publication","2026-08-27","Research and standards","BIM/digital-twin/4D research","Builder Assist category or adjacent operational SaaS","Construction company owner, project manager, estimator, superintendent, BIM/VDC, or administrator","General or stated by source","Desktop and/or unspecified; mobile implications tagged separately where applicable","3D/BIM model viewing","","BIM / digital twin / 4D sequencing","Neutral","“BIM and digital-twin construction research” supports linking geometry, information, and time rather than presenting disconnected visual states, with provenance and uncertainty needed for trust.","A dependable, understandable, source-aware 3d/bim model viewing workflow.","Scope, context, or methodology limits generalization; corroboration is required for high-impact decisions.","Peer-reviewed or institutional research","5","3","5","5","Previous 12 months","3","Provide an equivalent nonvisual or keyboard-operable path and expose provenance or status in text.","Implement 3d/bim model viewing according to the cited standard or research constraint.","Verify semantics, keyboard operation, reflow, or evidence linkage relevant to 3d/bim model viewing.","Positive capability claims are balanced against direct-user failure reports and implementation constraints in the contradiction table.","Qualified",""
"S165","https://www.frontiersin.org/journals/built-environment/articles/10.3389/fbuil.2022.998309/full","BIM and 4D construction implementation research","Frontiers","frontiersin.org","Not available or not required for qualification","2022","Not available","Date displayed in inspected content or publication","2026-08-27","Research and standards","BIM/digital-twin/4D research","Builder Assist category or adjacent operational SaaS","Construction company owner, project manager, estimator, superintendent, BIM/VDC, or administrator","General or stated by source","Desktop and/or unspecified; mobile implications tagged separately where applicable","3D/BIM model viewing","","BIM / digital twin / 4D sequencing","Neutral","“BIM and 4D construction implementation research” supports linking geometry, information, and time rather than presenting disconnected visual states, with provenance and uncertainty needed for trust.","A dependable, understandable, source-aware 3d/bim model viewing workflow.","Scope, context, or methodology limits generalization; corroboration is required for high-impact decisions.","Peer-reviewed or institutional research","5","3","5","2","Older than 36 months","3","Provide an equivalent nonvisual or keyboard-operable path and expose provenance or status in text.","Implement 3d/bim model viewing according to the cited standard or research constraint.","Verify semantics, keyboard operation, reflow, or evidence linkage relevant to 3d/bim model viewing.","Positive capability claims are balanced against direct-user failure reports and implementation constraints in the contradiction table.","Qualified",""
"S166","https://cheatsheetseries.owasp.org/cheatsheets/File_Upload_Cheat_Sheet.html","File Upload Cheat Sheet","OWASP","cheatsheetseries.owasp.org","Not available or not required for qualification","Not available","Not available","No reliable date retained from accessible content","2026-08-27","Security, reliability, and incident evidence","Security/reliability evidence","Builder Assist category or adjacent operational SaaS","Construction company owner, project manager, estimator, superintendent, BIM/VDC, or administrator","General or stated by source","Desktop and/or unspecified; mobile implications tagged separately where applicable","Plan upload and validation","Privacy / security / trust | Error / outage / recovery / reliability","","Neutral","“File Upload Cheat Sheet” supplies a security, incident, or recovery control that is applied to authentication, uploads, mutations, persistence, observability, or rollback.","A dependable, understandable, source-aware plan upload and validation workflow.","Scope, context, or methodology limits generalization; corroboration is required for high-impact decisions.","Security guidance, incident report, or engineering postmortem","5","3","5","1","Unverified","3","Use accurate status, safe error copy, and a recovery action without exposing internals.","Enforce the relevant control server-side and preserve data integrity during failure.","Inject the applicable timeout, duplicate, denied, invalid, or interrupted condition and verify recovery.","Positive capability claims are balanced against direct-user failure reports and implementation constraints in the contradiction table.","Qualified",""
"S167","https://cheatsheetseries.owasp.org/cheatsheets/Cross-Site_Request_Forgery_Prevention_Cheat_Sheet.html","Cross Site Request Forgery Prevention Cheat Sheet","OWASP","cheatsheetseries.owasp.org","Not available or not required for qualification","Not available","Not available","No reliable date retained from accessible content","2026-08-27","Security, reliability, and incident evidence","Security/reliability evidence","Builder Assist category or adjacent operational SaaS","Construction company owner, project manager, estimator, superintendent, BIM/VDC, or administrator","General or stated by source","Desktop and/or unspecified; mobile implications tagged separately where applicable","Construction workflow and product operations","Privacy / security / trust | Error / outage / recovery / reliability","","Neutral","“Cross Site Request Forgery Prevention Cheat Sheet” supplies a security, incident, or recovery control that is applied to authentication, uploads, mutations, persistence, observability, or rollback.","A dependable, understandable, source-aware construction workflow and product operations workflow.","Scope, context, or methodology limits generalization; corroboration is required for high-impact decisions.","Security guidance, incident report, or engineering postmortem","5","3","4","1","Unverified","3","Use accurate status, safe error copy, and a recovery action without exposing internals.","Enforce the relevant control server-side and preserve data integrity during failure.","Inject the applicable timeout, duplicate, denied, invalid, or interrupted condition and verify recovery.","Positive capability claims are balanced against direct-user failure reports and implementation constraints in the contradiction table.","Qualified",""
"S168","https://cheatsheetseries.owasp.org/cheatsheets/Authorization_Cheat_Sheet.html","Authorization Cheat Sheet","OWASP","cheatsheetseries.owasp.org","Not available or not required for qualification","Not available","Not available","No reliable date retained from accessible content","2026-08-27","Security, reliability, and incident evidence","Security/reliability evidence","Builder Assist category or adjacent operational SaaS","Construction company owner, project manager, estimator, superintendent, BIM/VDC, or administrator","General or stated by source","Desktop and/or unspecified; mobile implications tagged separately where applicable","Authorization","Privacy / security / trust | Error / outage / recovery / reliability","","Neutral","“Authorization Cheat Sheet” supplies a security, incident, or recovery control that is applied to authentication, uploads, mutations, persistence, observability, or rollback.","A dependable, understandable, source-aware authorization workflow.","Scope, context, or methodology limits generalization; corroboration is required for high-impact decisions.","Security guidance, incident report, or engineering postmortem","5","3","4","1","Unverified","5","Use accurate status, safe error copy, and a recovery action without exposing internals.","Enforce the relevant control server-side and preserve data integrity during failure.","Inject the applicable timeout, duplicate, denied, invalid, or interrupted condition and verify recovery.","Positive capability claims are balanced against direct-user failure reports and implementation constraints in the contradiction table.","Qualified",""
"S169","https://cheatsheetseries.owasp.org/cheatsheets/Logging_Cheat_Sheet.html","Logging Cheat Sheet","OWASP","cheatsheetseries.owasp.org","Not available or not required for qualification","Not available","Not available","No reliable date retained from accessible content","2026-08-27","Security, reliability, and incident evidence","Security/reliability evidence","Builder Assist category or adjacent operational SaaS","Construction company owner, project manager, estimator, superintendent, BIM/VDC, or administrator","General or stated by source","Desktop and/or unspecified; mobile implications tagged separately where applicable","Observability and logging","Privacy / security / trust | Error / outage / recovery / reliability","","Neutral","“Logging Cheat Sheet” supplies a security, incident, or recovery control that is applied to authentication, uploads, mutations, persistence, observability, or rollback.","A dependable, understandable, source-aware observability and logging workflow.","Scope, context, or methodology limits generalization; corroboration is required for high-impact decisions.","Security guidance, incident report, or engineering postmortem","5","3","4","1","Unverified","3","Use accurate status, safe error copy, and a recovery action without exposing internals.","Enforce the relevant control server-side and preserve data integrity during failure.","Inject the applicable timeout, duplicate, denied, invalid, or interrupted condition and verify recovery.","Positive capability claims are balanced against direct-user failure reports and implementation constraints in the contradiction table.","Qualified",""
"S170","https://cheatsheetseries.owasp.org/cheatsheets/Error_Handling_Cheat_Sheet.html","Error Handling Cheat Sheet","OWASP","cheatsheetseries.owasp.org","Not available or not required for qualification","Not available","Not available","No reliable date retained from accessible content","2026-08-27","Security, reliability, and incident evidence","Security/reliability evidence","Builder Assist category or adjacent operational SaaS","Construction company owner, project manager, estimator, superintendent, BIM/VDC, or administrator","General or stated by source","Desktop and/or unspecified; mobile implications tagged separately where applicable","Error visibility and recovery","Privacy / security / trust | Error / outage / recovery / reliability","","Neutral","“Error Handling Cheat Sheet” supplies a security, incident, or recovery control that is applied to authentication, uploads, mutations, persistence, observability, or rollback.","A dependable, understandable, source-aware error visibility and recovery workflow.","Scope, context, or methodology limits generalization; corroboration is required for high-impact decisions.","Security guidance, incident report, or engineering postmortem","5","3","4","1","Unverified","5","Use accurate status, safe error copy, and a recovery action without exposing internals.","Enforce the relevant control server-side and preserve data integrity during failure.","Inject the applicable timeout, duplicate, denied, invalid, or interrupted condition and verify recovery.","Positive capability claims are balanced against direct-user failure reports and implementation constraints in the contradiction table.","Qualified",""
"S171","https://cheatsheetseries.owasp.org/cheatsheets/Input_Validation_Cheat_Sheet.html","Input Validation Cheat Sheet","OWASP","cheatsheetseries.owasp.org","Not available or not required for qualification","Not available","Not available","No reliable date retained from accessible content","2026-08-27","Security, reliability, and incident evidence","Security/reliability evidence","Builder Assist category or adjacent operational SaaS","Construction company owner, project manager, estimator, superintendent, BIM/VDC, or administrator","General or stated by source","Desktop and/or unspecified; mobile implications tagged separately where applicable","Construction workflow and product operations","Privacy / security / trust | Error / outage / recovery / reliability","","Neutral","“Input Validation Cheat Sheet” supplies a security, incident, or recovery control that is applied to authentication, uploads, mutations, persistence, observability, or rollback.","A dependable, understandable, source-aware construction workflow and product operations workflow.","Scope, context, or methodology limits generalization; corroboration is required for high-impact decisions.","Security guidance, incident report, or engineering postmortem","5","3","4","1","Unverified","3","Use accurate status, safe error copy, and a recovery action without exposing internals.","Enforce the relevant control server-side and preserve data integrity during failure.","Inject the applicable timeout, duplicate, denied, invalid, or interrupted condition and verify recovery.","Positive capability claims are balanced against direct-user failure reports and implementation constraints in the contradiction table.","Qualified",""
"S172","https://csrc.nist.gov/pubs/sp/800/218/final","Final","NIST","csrc.nist.gov","Not available or not required for qualification","Not available","Not available","No reliable date retained from accessible content","2026-08-27","Security, reliability, and incident evidence","Security/reliability evidence","Builder Assist category or adjacent operational SaaS","Construction company owner, project manager, estimator, superintendent, BIM/VDC, or administrator","General or stated by source","Desktop and/or unspecified; mobile implications tagged separately where applicable","Construction workflow and product operations","Privacy / security / trust | Error / outage / recovery / reliability","","Neutral","“Final” supplies a security, incident, or recovery control that is applied to authentication, uploads, mutations, persistence, observability, or rollback.","A dependable, understandable, source-aware construction workflow and product operations workflow.","Scope, context, or methodology limits generalization; corroboration is required for high-impact decisions.","Security guidance, incident report, or engineering postmortem","5","3","4","1","Unverified","3","Use accurate status, safe error copy, and a recovery action without exposing internals.","Enforce the relevant control server-side and preserve data integrity during failure.","Inject the applicable timeout, duplicate, denied, invalid, or interrupted condition and verify recovery.","Positive capability claims are balanced against direct-user failure reports and implementation constraints in the contradiction table.","Qualified",""
"S173","https://csrc.nist.gov/pubs/sp/800/207/final","Final","NIST","csrc.nist.gov","Not available or not required for qualification","Not available","Not available","No reliable date retained from accessible content","2026-08-27","Security, reliability, and incident evidence","Security/reliability evidence","Builder Assist category or adjacent operational SaaS","Construction company owner, project manager, estimator, superintendent, BIM/VDC, or administrator","General or stated by source","Desktop and/or unspecified; mobile implications tagged separately where applicable","Construction workflow and product operations","Privacy / security / trust | Error / outage / recovery / reliability","","Neutral","“Final” supplies a security, incident, or recovery control that is applied to authentication, uploads, mutations, persistence, observability, or rollback.","A dependable, understandable, source-aware construction workflow and product operations workflow.","Scope, context, or methodology limits generalization; corroboration is required for high-impact decisions.","Security guidance, incident report, or engineering postmortem","5","3","4","1","Unverified","3","Use accurate status, safe error copy, and a recovery action without exposing internals.","Enforce the relevant control server-side and preserve data integrity during failure.","Inject the applicable timeout, duplicate, denied, invalid, or interrupted condition and verify recovery.","Positive capability claims are balanced against direct-user failure reports and implementation constraints in the contradiction table.","Qualified",""
"S174","https://csrc.nist.gov/pubs/sp/800/92/final","Final","NIST","csrc.nist.gov","Not available or not required for qualification","Not available","Not available","No reliable date retained from accessible content","2026-08-27","Security, reliability, and incident evidence","Security/reliability evidence","Builder Assist category or adjacent operational SaaS","Construction company owner, project manager, estimator, superintendent, BIM/VDC, or administrator","General or stated by source","Desktop and/or unspecified; mobile implications tagged separately where applicable","Construction workflow and product operations","Privacy / security / trust | Error / outage / recovery / reliability","","Neutral","“Final” supplies a security, incident, or recovery control that is applied to authentication, uploads, mutations, persistence, observability, or rollback.","A dependable, understandable, source-aware construction workflow and product operations workflow.","Scope, context, or methodology limits generalization; corroboration is required for high-impact decisions.","Security guidance, incident report, or engineering postmortem","5","3","4","1","Unverified","3","Use accurate status, safe error copy, and a recovery action without exposing internals.","Enforce the relevant control server-side and preserve data integrity during failure.","Inject the applicable timeout, duplicate, denied, invalid, or interrupted condition and verify recovery.","Positive capability claims are balanced against direct-user failure reports and implementation constraints in the contradiction table.","Qualified",""
"S175","https://csrc.nist.gov/pubs/sp/800/34/r1/upd1/final","Final","NIST","csrc.nist.gov","Not available or not required for qualification","Not available","Not available","No reliable date retained from accessible content","2026-08-27","Security, reliability, and incident evidence","Security/reliability evidence","Builder Assist category or adjacent operational SaaS","Construction company owner, project manager, estimator, superintendent, BIM/VDC, or administrator","General or stated by source","Desktop and/or unspecified; mobile implications tagged separately where applicable","Construction workflow and product operations","Privacy / security / trust | Error / outage / recovery / reliability","","Neutral","“Final” supplies a security, incident, or recovery control that is applied to authentication, uploads, mutations, persistence, observability, or rollback.","A dependable, understandable, source-aware construction workflow and product operations workflow.","Scope, context, or methodology limits generalization; corroboration is required for high-impact decisions.","Security guidance, incident report, or engineering postmortem","5","3","4","1","Unverified","3","Use accurate status, safe error copy, and a recovery action without exposing internals.","Enforce the relevant control server-side and preserve data integrity during failure.","Inject the applicable timeout, duplicate, denied, invalid, or interrupted condition and verify recovery.","Positive capability claims are balanced against direct-user failure reports and implementation constraints in the contradiction table.","Qualified",""
"S176","https://pages.nist.gov/800-63-4/sp800-63b.html","Sp800 63b","NIST","pages.nist.gov","Not available or not required for qualification","Not available","Not available","No reliable date retained from accessible content","2026-08-27","Security, reliability, and incident evidence","Security/reliability evidence","Builder Assist category or adjacent operational SaaS","Construction company owner, project manager, estimator, superintendent, BIM/VDC, or administrator","General or stated by source","Desktop and/or unspecified; mobile implications tagged separately where applicable","Construction workflow and product operations","Privacy / security / trust | Error / outage / recovery / reliability","","Neutral","“Sp800 63b” supplies a security, incident, or recovery control that is applied to authentication, uploads, mutations, persistence, observability, or rollback.","A dependable, understandable, source-aware construction workflow and product operations workflow.","Scope, context, or methodology limits generalization; corroboration is required for high-impact decisions.","Security guidance, incident report, or engineering postmortem","5","3","4","1","Unverified","3","Use accurate status, safe error copy, and a recovery action without exposing internals.","Enforce the relevant control server-side and preserve data integrity during failure.","Inject the applicable timeout, duplicate, denied, invalid, or interrupted condition and verify recovery.","Positive capability claims are balanced against direct-user failure reports and implementation constraints in the contradiction table.","Qualified",""
"S177","https://blog.cloudflare.com/5-december-2025-outage/","5 December 2025 Outage","Cloudflare","blog.cloudflare.com","Not available or not required for qualification","2025","Not available","Year displayed in source edition, title, or canonical URL","2026-08-27","Security, reliability, and incident evidence","Security/reliability evidence","Cloudflare","Construction company owner, project manager, estimator, superintendent, BIM/VDC, or administrator","General or stated by source","Desktop and/or unspecified; mobile implications tagged separately where applicable","Reliability and recovery","Privacy / security / trust | Error / outage / recovery / reliability","","Neutral","“5 December 2025 Outage” supplies a security, incident, or recovery control that is applied to authentication, uploads, mutations, persistence, observability, or rollback.","A dependable, understandable, source-aware reliability and recovery workflow.","Scope, context, or methodology limits generalization; corroboration is required for high-impact decisions.","Security guidance, incident report, or engineering postmortem","5","3","4","5","Previous 12 months","5","Use accurate status, safe error copy, and a recovery action without exposing internals.","Enforce the relevant control server-side and preserve data integrity during failure.","Inject the applicable timeout, duplicate, denied, invalid, or interrupted condition and verify recovery.","Positive capability claims are balanced against direct-user failure reports and implementation constraints in the contradiction table.","Qualified",""
"S178","https://github.blog/news-insights/company-news/the-august-17-outage-and-the-work-ahead/","The August 17 Outage And The Work Ahead","github.blog","github.blog","Not available or not required for qualification","Not available","Not available","No reliable date retained from accessible content","2026-08-27","Security, reliability, and incident evidence","Security/reliability evidence","Builder Assist category or adjacent operational SaaS","Construction company owner, project manager, estimator, superintendent, BIM/VDC, or administrator","General or stated by source","Desktop and/or unspecified; mobile implications tagged separately where applicable","Reliability and recovery","Privacy / security / trust | Error / outage / recovery / reliability","","Neutral","“The August 17 Outage And The Work Ahead” supplies a security, incident, or recovery control that is applied to authentication, uploads, mutations, persistence, observability, or rollback.","A dependable, understandable, source-aware reliability and recovery workflow.","Scope, context, or methodology limits generalization; corroboration is required for high-impact decisions.","Security guidance, incident report, or engineering postmortem","5","3","4","1","Unverified","5","Use accurate status, safe error copy, and a recovery action without exposing internals.","Enforce the relevant control server-side and preserve data integrity during failure.","Inject the applicable timeout, duplicate, denied, invalid, or interrupted condition and verify recovery.","Positive capability claims are balanced against direct-user failure reports and implementation constraints in the contradiction table.","Qualified",""
"S179","https://www.atlassian.com/incident-management/handbook/postmortems","Postmortems","Atlassian","atlassian.com","Not available or not required for qualification","Not available","Not available","No reliable date retained from accessible content","2026-08-27","Security, reliability, and incident evidence","Security/reliability evidence","Builder Assist category or adjacent operational SaaS","Construction company owner, project manager, estimator, superintendent, BIM/VDC, or administrator","General or stated by source","Desktop and/or unspecified; mobile implications tagged separately where applicable","Incident response","Privacy / security / trust | Error / outage / recovery / reliability","","Neutral","“Postmortems” supplies a security, incident, or recovery control that is applied to authentication, uploads, mutations, persistence, observability, or rollback.","A dependable, understandable, source-aware incident response workflow.","Scope, context, or methodology limits generalization; corroboration is required for high-impact decisions.","Security guidance, incident report, or engineering postmortem","5","3","4","1","Unverified","3","Use accurate status, safe error copy, and a recovery action without exposing internals.","Enforce the relevant control server-side and preserve data integrity during failure.","Inject the applicable timeout, duplicate, denied, invalid, or interrupted condition and verify recovery.","Positive capability claims are balanced against direct-user failure reports and implementation constraints in the contradiction table.","Qualified",""
"S180","https://slack.engineering/slacks-incident-on-2-22-22/?source=techstories.org","Slacks Incident On 2 22 22","Slack Engineering","slack.engineering","Not available or not required for qualification","Not available","Not available","No reliable date retained from accessible content","2026-08-27","Security, reliability, and incident evidence","Security/reliability evidence","Builder Assist category or adjacent operational SaaS","Construction company owner, project manager, estimator, superintendent, BIM/VDC, or administrator","General or stated by source","Desktop and/or unspecified; mobile implications tagged separately where applicable","Incident response","Privacy / security / trust | Error / outage / recovery / reliability","","Neutral","“Slacks Incident On 2 22 22” supplies a security, incident, or recovery control that is applied to authentication, uploads, mutations, persistence, observability, or rollback.","A dependable, understandable, source-aware incident response workflow.","Scope, context, or methodology limits generalization; corroboration is required for high-impact decisions.","Security guidance, incident report, or engineering postmortem","5","3","4","1","Unverified","3","Use accurate status, safe error copy, and a recovery action without exposing internals.","Enforce the relevant control server-side and preserve data integrity during failure.","Inject the applicable timeout, duplicate, denied, invalid, or interrupted condition and verify recovery.","Positive capability claims are balanced against direct-user failure reports and implementation constraints in the contradiction table.","Qualified",""
"S181","https://status.openai.com/incidents/01JMYB40J9DVR9D13RJN1W5SWV","01JMYB40J9DVR9D13RJN1W5SWV","OpenAI Status","status.openai.com","Not available or not required for qualification","Not available","Not available","No reliable date retained from accessible content","2026-08-27","Security, reliability, and incident evidence","Security/reliability evidence","Builder Assist category or adjacent operational SaaS","Construction company owner, project manager, estimator, superintendent, BIM/VDC, or administrator","General or stated by source","Desktop and/or unspecified; mobile implications tagged separately where applicable","Incident response","Privacy / security / trust | Error / outage / recovery / reliability","","Neutral","“01JMYB40J9DVR9D13RJN1W5SWV” supplies a security, incident, or recovery control that is applied to authentication, uploads, mutations, persistence, observability, or rollback.","A dependable, understandable, source-aware incident response workflow.","Scope, context, or methodology limits generalization; corroboration is required for high-impact decisions.","Security guidance, incident report, or engineering postmortem","5","3","4","1","Unverified","3","Use accurate status, safe error copy, and a recovery action without exposing internals.","Enforce the relevant control server-side and preserve data integrity during failure.","Inject the applicable timeout, duplicate, denied, invalid, or interrupted condition and verify recovery.","Positive capability claims are balanced against direct-user failure reports and implementation constraints in the contradiction table.","Qualified",""
"S182","https://dropbox.tech/infrastructure/outage-post-mortem","Outage Post Mortem","Dropbox Tech","dropbox.tech","Not available or not required for qualification","Not available","Not available","No reliable date retained from accessible content","2026-08-27","Security, reliability, and incident evidence","Security/reliability evidence","Builder Assist category or adjacent operational SaaS","Construction company owner, project manager, estimator, superintendent, BIM/VDC, or administrator","General or stated by source","Desktop and/or unspecified; mobile implications tagged separately where applicable","Reliability and recovery","Privacy / security / trust | Error / outage / recovery / reliability","","Neutral","“Outage Post Mortem” supplies a security, incident, or recovery control that is applied to authentication, uploads, mutations, persistence, observability, or rollback.","A dependable, understandable, source-aware reliability and recovery workflow.","Scope, context, or methodology limits generalization; corroboration is required for high-impact decisions.","Security guidance, incident report, or engineering postmortem","5","3","4","1","Unverified","5","Use accurate status, safe error copy, and a recovery action without exposing internals.","Enforce the relevant control server-side and preserve data integrity during failure.","Inject the applicable timeout, duplicate, denied, invalid, or interrupted condition and verify recovery.","Positive capability claims are balanced against direct-user failure reports and implementation constraints in the contradiction table.","Qualified",""
"S183","https://engineering.fb.com/2024/06/24/data-infrastructure/leveraging-ai-for-efficient-incident-response/","Leveraging AI For Efficient Incident Response","Meta Engineering","engineering.fb.com","Not available or not required for qualification","2024-06-24","Not available","Date encoded in canonical URL and displayed on source","2026-08-27","Security, reliability, and incident evidence","Security/reliability evidence","Builder Assist category or adjacent operational SaaS","Construction company owner, project manager, estimator, superintendent, BIM/VDC, or administrator","General or stated by source","Desktop and/or unspecified; mobile implications tagged separately where applicable","Incident response","Privacy / security / trust | Error / outage / recovery / reliability","","Neutral","“Leveraging AI For Efficient Incident Response” supplies a security, incident, or recovery control that is applied to authentication, uploads, mutations, persistence, observability, or rollback.","A dependable, understandable, source-aware incident response workflow.","Scope, context, or methodology limits generalization; corroboration is required for high-impact decisions.","Security guidance, incident report, or engineering postmortem","5","3","4","4","Previous 36 months","3","Use accurate status, safe error copy, and a recovery action without exposing internals.","Enforce the relevant control server-side and preserve data integrity during failure.","Inject the applicable timeout, duplicate, denied, invalid, or interrupted condition and verify recovery.","Positive capability claims are balanced against direct-user failure reports and implementation constraints in the contradiction table.","Qualified",""
"S184","https://aws.amazon.com/builders-library/making-retries-safe-with-idempotent-APIs/","Making Retries Safe With Idempotent APIs","Amazon Web Services","aws.amazon.com","Not available or not required for qualification","Not available","Not available","No reliable date retained from accessible content","2026-08-27","Security, reliability, and incident evidence","Security/reliability evidence","Builder Assist category or adjacent operational SaaS","Construction company owner, project manager, estimator, superintendent, BIM/VDC, or administrator","General or stated by source","Desktop and/or unspecified; mobile implications tagged separately where applicable","Retry and idempotency","Experienced / power user | Privacy / security / trust | Error / outage / recovery / reliability","","Neutral","“Making Retries Safe With Idempotent APIs” supplies a security, incident, or recovery control that is applied to authentication, uploads, mutations, persistence, observability, or rollback.","A dependable, understandable, source-aware retry and idempotency workflow.","Scope, context, or methodology limits generalization; corroboration is required for high-impact decisions.","Security guidance, incident report, or engineering postmortem","5","3","4","1","Unverified","3","Use accurate status, safe error copy, and a recovery action without exposing internals.","Enforce the relevant control server-side and preserve data integrity during failure.","Inject the applicable timeout, duplicate, denied, invalid, or interrupted condition and verify recovery.","Positive capability claims are balanced against direct-user failure reports and implementation constraints in the contradiction table.","Qualified",""
"S185","https://sre.google/sre-book/data-integrity/","Data Integrity","Google SRE","sre.google","Not available or not required for qualification","Not available","Not available","No reliable date retained from accessible content","2026-08-27","Security, reliability, and incident evidence","Security/reliability evidence","Builder Assist category or adjacent operational SaaS","Construction company owner, project manager, estimator, superintendent, BIM/VDC, or administrator","General or stated by source","Desktop and/or unspecified; mobile implications tagged separately where applicable","Data integrity","Privacy / security / trust | Error / outage / recovery / reliability","","Neutral","“Data Integrity” supplies a security, incident, or recovery control that is applied to authentication, uploads, mutations, persistence, observability, or rollback.","A dependable, understandable, source-aware data integrity workflow.","Scope, context, or methodology limits generalization; corroboration is required for high-impact decisions.","Security guidance, incident report, or engineering postmortem","5","3","4","1","Unverified","5","Use accurate status, safe error copy, and a recovery action without exposing internals.","Enforce the relevant control server-side and preserve data integrity during failure.","Inject the applicable timeout, duplicate, denied, invalid, or interrupted condition and verify recovery.","Positive capability claims are balanced against direct-user failure reports and implementation constraints in the contradiction table.","Qualified",""
"S186","https://stripe.com/blog/idempotency","Idempotency","Stripe","stripe.com","Not available or not required for qualification","Not available","Not available","No reliable date retained from accessible content","2026-08-27","Security, reliability, and incident evidence","Security/reliability evidence","Builder Assist category or adjacent operational SaaS","Construction company owner, project manager, estimator, superintendent, BIM/VDC, or administrator","General or stated by source","Desktop and/or unspecified; mobile implications tagged separately where applicable","Retry and idempotency","Privacy / security / trust | Error / outage / recovery / reliability","","Neutral","“Idempotency” supplies a security, incident, or recovery control that is applied to authentication, uploads, mutations, persistence, observability, or rollback.","A dependable, understandable, source-aware retry and idempotency workflow.","Scope, context, or methodology limits generalization; corroboration is required for high-impact decisions.","Security guidance, incident report, or engineering postmortem","5","3","4","1","Unverified","3","Use accurate status, safe error copy, and a recovery action without exposing internals.","Enforce the relevant control server-side and preserve data integrity during failure.","Inject the applicable timeout, duplicate, denied, invalid, or interrupted condition and verify recovery.","Positive capability claims are balanced against direct-user failure reports and implementation constraints in the contradiction table.","Qualified",""
"S187","https://learn.microsoft.com/en-us/azure/architecture/patterns/retry","Retry","Microsoft Learn","learn.microsoft.com","Not available or not required for qualification","Not available","Not available","No reliable date retained from accessible content","2026-08-27","Security, reliability, and incident evidence","Security/reliability evidence","Builder Assist category or adjacent operational SaaS","Construction company owner, project manager, estimator, superintendent, BIM/VDC, or administrator","General or stated by source","Desktop and/or unspecified; mobile implications tagged separately where applicable","Retry and idempotency","Onboarding / first-time use | Privacy / security / trust | Error / outage / recovery / reliability","","Neutral","“Retry” supplies a security, incident, or recovery control that is applied to authentication, uploads, mutations, persistence, observability, or rollback.","A dependable, understandable, source-aware retry and idempotency workflow.","Scope, context, or methodology limits generalization; corroboration is required for high-impact decisions.","Security guidance, incident report, or engineering postmortem","5","3","4","1","Unverified","3","Use accurate status, safe error copy, and a recovery action without exposing internals.","Enforce the relevant control server-side and preserve data integrity during failure.","Inject the applicable timeout, duplicate, denied, invalid, or interrupted condition and verify recovery.","Positive capability claims are balanced against direct-user failure reports and implementation constraints in the contradiction table.","Qualified",""
"S188","https://engineering.atspotify.com/2013/6/incident-management-at-spotify","Incident Management At Spotify","Spotify Engineering","engineering.atspotify.com","Not available or not required for qualification","Not available","Not available","No reliable date retained from accessible content","2026-08-27","Security, reliability, and incident evidence","Security/reliability evidence","Builder Assist category or adjacent operational SaaS","Construction company owner, project manager, estimator, superintendent, BIM/VDC, or administrator","General or stated by source","Desktop and/or unspecified; mobile implications tagged separately where applicable","Incident response","Privacy / security / trust | Error / outage / recovery / reliability","","Neutral","“Incident Management At Spotify” supplies a security, incident, or recovery control that is applied to authentication, uploads, mutations, persistence, observability, or rollback.","A dependable, understandable, source-aware incident response workflow.","Scope, context, or methodology limits generalization; corroboration is required for high-impact decisions.","Security guidance, incident report, or engineering postmortem","5","3","4","1","Unverified","3","Use accurate status, safe error copy, and a recovery action without exposing internals.","Enforce the relevant control server-side and preserve data integrity during failure.","Inject the applicable timeout, duplicate, denied, invalid, or interrupted condition and verify recovery.","Positive capability claims are balanced against direct-user failure reports and implementation constraints in the contradiction table.","Qualified",""
"S189","https://engineering.salesforce.com/guaranteed-data-delivery-system-for-distributed-services-3b07fd24775d/","Guaranteed Data Delivery System For Distributed Services 3b07fd24775d","Salesforce Engineering","engineering.salesforce.com","Not available or not required for qualification","Not available","Not available","No reliable date retained from accessible content","2026-08-27","Security, reliability, and incident evidence","Security/reliability evidence","Builder Assist category or adjacent operational SaaS","Construction company owner, project manager, estimator, superintendent, BIM/VDC, or administrator","General or stated by source","Desktop and/or unspecified; mobile implications tagged separately where applicable","Construction workflow and product operations","Privacy / security / trust | Error / outage / recovery / reliability","","Neutral","“Guaranteed Data Delivery System For Distributed Services 3b07fd24775d” supplies a security, incident, or recovery control that is applied to authentication, uploads, mutations, persistence, observability, or rollback.","A dependable, understandable, source-aware construction workflow and product operations workflow.","Scope, context, or methodology limits generalization; corroboration is required for high-impact decisions.","Security guidance, incident report, or engineering postmortem","5","3","4","1","Unverified","3","Use accurate status, safe error copy, and a recovery action without exposing internals.","Enforce the relevant control server-side and preserve data integrity during failure.","Inject the applicable timeout, duplicate, denied, invalid, or interrupted condition and verify recovery.","Positive capability claims are balanced against direct-user failure reports and implementation constraints in the contradiction table.","Qualified",""
"S190","https://engineering.grab.com/preventing-pipeline-calls-from-crashing-redis-clusters","Preventing Pipeline Calls From Crashing Redis Clusters","Grab Engineering","engineering.grab.com","Not available or not required for qualification","Not available","Not available","No reliable date retained from accessible content","2026-08-27","Security, reliability, and incident evidence","Security/reliability evidence","Builder Assist category or adjacent operational SaaS","Construction company owner, project manager, estimator, superintendent, BIM/VDC, or administrator","General or stated by source","Desktop and/or unspecified; mobile implications tagged separately where applicable","Construction workflow and product operations","Privacy / security / trust | Error / outage / recovery / reliability","","Neutral","“Preventing Pipeline Calls From Crashing Redis Clusters” supplies a security, incident, or recovery control that is applied to authentication, uploads, mutations, persistence, observability, or rollback.","A dependable, understandable, source-aware construction workflow and product operations workflow.","Scope, context, or methodology limits generalization; corroboration is required for high-impact decisions.","Security guidance, incident report, or engineering postmortem","5","3","4","1","Unverified","3","Use accurate status, safe error copy, and a recovery action without exposing internals.","Enforce the relevant control server-side and preserve data integrity during failure.","Inject the applicable timeout, duplicate, denied, invalid, or interrupted condition and verify recovery.","Positive capability claims are balanced against direct-user failure reports and implementation constraints in the contradiction table.","Qualified",""
"S191","https://developer.mozilla.org/en-US/docs/Web/API/WebGL_API/WebGL_best_practices","WEBGL Best Practices","MDN Web Docs","developer.mozilla.org","Not available or not required for qualification","Not available","2026-08-27","Live versioned or maintained documentation inspected on access date","2026-08-27","Engineering, performance, and operations","Engineering/operations guidance","Builder Assist category or adjacent operational SaaS","Construction company owner, project manager, estimator, superintendent, BIM/VDC, or administrator","General or stated by source","Desktop and/or unspecified; mobile implications tagged separately where applicable","WebGL performance and recovery","Experienced / power user | Error / outage / recovery / reliability","Browser 3D / WebGL / large-model performance","Neutral","“WEBGL Best Practices” establishes a primary implementation requirement for webgl performance and recovery, including bounded resource use and recoverable failure behavior.","A dependable, understandable, source-aware webgl performance and recovery workflow.","Scope, context, or methodology limits generalization; corroboration is required for high-impact decisions.","Primary engineering documentation or operational guidance","5","3","4","5","Previous 12 months","3","Expose webgl performance and recovery progressively with clear status and source context.","Implement webgl performance and recovery as an operational, persisted workflow rather than a decorative control.","Run the critical path and a realistic failure case for webgl performance and recovery on desktop and mobile.","Positive capability claims are balanced against direct-user failure reports and implementation constraints in the contradiction table.","Qualified",""
"S192","https://developer.mozilla.org/en-US/docs/Web/API/Pointer_events","Pointer Events","MDN Web Docs","developer.mozilla.org","Not available or not required for qualification","Not available","2026-08-27","Live versioned or maintained documentation inspected on access date","2026-08-27","Engineering, performance, and operations","Engineering/operations guidance","Builder Assist category or adjacent operational SaaS","Construction company owner, project manager, estimator, superintendent, BIM/VDC, or administrator","General or stated by source","Desktop and/or unspecified; mobile implications tagged separately where applicable","Construction workflow and product operations","Experienced / power user","","Neutral","“Pointer Events” establishes a primary implementation requirement for construction workflow and product operations, including bounded resource use and recoverable failure behavior.","A dependable, understandable, source-aware construction workflow and product operations workflow.","Scope, context, or methodology limits generalization; corroboration is required for high-impact decisions.","Primary engineering documentation or operational guidance","5","3","4","5","Previous 12 months","3","Expose construction workflow and product operations progressively with clear status and source context.","Implement construction workflow and product operations as an operational, persisted workflow rather than a decorative control.","Run the critical path and a realistic failure case for construction workflow and product operations on desktop and mobile.","Positive capability claims are balanced against direct-user failure reports and implementation constraints in the contradiction table.","Qualified",""
"S193","https://developer.mozilla.org/en-US/docs/Web/API/ResizeObserver","ResizeObserver","MDN Web Docs","developer.mozilla.org","Not available or not required for qualification","Not available","2026-08-27","Live versioned or maintained documentation inspected on access date","2026-08-27","Engineering, performance, and operations","Engineering/operations guidance","Builder Assist category or adjacent operational SaaS","Construction company owner, project manager, estimator, superintendent, BIM/VDC, or administrator","General or stated by source","Desktop and/or unspecified; mobile implications tagged separately where applicable","Construction workflow and product operations","Experienced / power user","","Neutral","“ResizeObserver” establishes a primary implementation requirement for construction workflow and product operations, including bounded resource use and recoverable failure behavior.","A dependable, understandable, source-aware construction workflow and product operations workflow.","Scope, context, or methodology limits generalization; corroboration is required for high-impact decisions.","Primary engineering documentation or operational guidance","5","3","4","5","Previous 12 months","3","Expose construction workflow and product operations progressively with clear status and source context.","Implement construction workflow and product operations as an operational, persisted workflow rather than a decorative control.","Run the critical path and a realistic failure case for construction workflow and product operations on desktop and mobile.","Positive capability claims are balanced against direct-user failure reports and implementation constraints in the contradiction table.","Qualified",""
"S194","https://developer.mozilla.org/en-US/docs/Web/API/VisualViewport","VisualViewport","MDN Web Docs","developer.mozilla.org","Not available or not required for qualification","Not available","2026-08-27","Live versioned or maintained documentation inspected on access date","2026-08-27","Engineering, performance, and operations","Engineering/operations guidance","Builder Assist category or adjacent operational SaaS","Construction company owner, project manager, estimator, superintendent, BIM/VDC, or administrator","General or stated by source","Mobile/tablet or narrow viewport","Viewport-bound layout","Experienced / power user","Mapping / responsive / accessibility UX","Neutral","“VisualViewport” establishes a primary implementation requirement for viewport-bound layout, including bounded resource use and recoverable failure behavior.","A dependable, understandable, source-aware viewport-bound layout workflow.","Scope, context, or methodology limits generalization; corroboration is required for high-impact decisions.","Primary engineering documentation or operational guidance","5","3","4","5","Previous 12 months","3","Expose viewport-bound layout progressively with clear status and source context.","Implement viewport-bound layout as an operational, persisted workflow rather than a decorative control.","Run the critical path and a realistic failure case for viewport-bound layout on desktop and mobile.","Positive capability claims are balanced against direct-user failure reports and implementation constraints in the contradiction table.","Qualified",""
"S195","https://developer.mozilla.org/en-US/docs/Web/CSS/Reference/At-rules/@media/prefers-reduced-motion","Prefers Reduced Motion","MDN Web Docs","developer.mozilla.org","Not available or not required for qualification","Not available","2026-08-27","Live versioned or maintained documentation inspected on access date","2026-08-27","Engineering, performance, and operations","Engineering/operations guidance","Builder Assist category or adjacent operational SaaS","Construction company owner, project manager, estimator, superintendent, BIM/VDC, or administrator","General or stated by source","Desktop and/or unspecified; mobile implications tagged separately where applicable","Construction workflow and product operations","","","Neutral","“Prefers Reduced Motion” establishes a primary implementation requirement for construction workflow and product operations, including bounded resource use and recoverable failure behavior.","A dependable, understandable, source-aware construction workflow and product operations workflow.","Scope, context, or methodology limits generalization; corroboration is required for high-impact decisions.","Primary engineering documentation or operational guidance","5","3","4","5","Previous 12 months","3","Expose construction workflow and product operations progressively with clear status and source context.","Implement construction workflow and product operations as an operational, persisted workflow rather than a decorative control.","Run the critical path and a realistic failure case for construction workflow and product operations on desktop and mobile.","Positive capability claims are balanced against direct-user failure reports and implementation constraints in the contradiction table.","Qualified",""
"S196","https://web.dev/articles/vitals","Vitals","web.dev","web.dev","Not available or not required for qualification","Not available","2026-08-27","Live versioned or maintained documentation inspected on access date","2026-08-27","Engineering, performance, and operations","Engineering/operations guidance","Builder Assist category or adjacent operational SaaS","Construction company owner, project manager, estimator, superintendent, BIM/VDC, or administrator","General or stated by source","Desktop and/or unspecified; mobile implications tagged separately where applicable","Construction workflow and product operations","","","Neutral","“Vitals” establishes a primary implementation requirement for construction workflow and product operations, including bounded resource use and recoverable failure behavior.","A dependable, understandable, source-aware construction workflow and product operations workflow.","Scope, context, or methodology limits generalization; corroboration is required for high-impact decisions.","Primary engineering documentation or operational guidance","5","3","4","5","Previous 12 months","3","Expose construction workflow and product operations progressively with clear status and source context.","Implement construction workflow and product operations as an operational, persisted workflow rather than a decorative control.","Run the critical path and a realistic failure case for construction workflow and product operations on desktop and mobile.","Positive capability claims are balanced against direct-user failure reports and implementation constraints in the contradiction table.","Qualified",""
"S197","https://web.dev/articles/optimize-lcp","Optimize Lcp","web.dev","web.dev","Not available or not required for qualification","Not available","2026-08-27","Live versioned or maintained documentation inspected on access date","2026-08-27","Engineering, performance, and operations","Engineering/operations guidance","Builder Assist category or adjacent operational SaaS","Construction company owner, project manager, estimator, superintendent, BIM/VDC, or administrator","General or stated by source","Desktop and/or unspecified; mobile implications tagged separately where applicable","Construction workflow and product operations","","","Neutral","“Optimize Lcp” establishes a primary implementation requirement for construction workflow and product operations, including bounded resource use and recoverable failure behavior.","A dependable, understandable, source-aware construction workflow and product operations workflow.","Scope, context, or methodology limits generalization; corroboration is required for high-impact decisions.","Primary engineering documentation or operational guidance","5","3","4","5","Previous 12 months","3","Expose construction workflow and product operations progressively with clear status and source context.","Implement construction workflow and product operations as an operational, persisted workflow rather than a decorative control.","Run the critical path and a realistic failure case for construction workflow and product operations on desktop and mobile.","Positive capability claims are balanced against direct-user failure reports and implementation constraints in the contradiction table.","Qualified",""
"S198","https://web.dev/articles/responsive-web-design-basics","Responsive Web Design Basics","web.dev","web.dev","Not available or not required for qualification","Not available","2026-08-27","Live versioned or maintained documentation inspected on access date","2026-08-27","Engineering, performance, and operations","Engineering/operations guidance","Builder Assist category or adjacent operational SaaS","Construction company owner, project manager, estimator, superintendent, BIM/VDC, or administrator","General or stated by source","Mobile/tablet or narrow viewport","Responsive layout","","Mapping / responsive / accessibility UX","Neutral","“Responsive Web Design Basics” establishes a primary implementation requirement for responsive layout, including bounded resource use and recoverable failure behavior.","A dependable, understandable, source-aware responsive layout workflow.","Scope, context, or methodology limits generalization; corroboration is required for high-impact decisions.","Primary engineering documentation or operational guidance","5","3","4","5","Previous 12 months","3","Expose responsive layout progressively with clear status and source context.","Implement responsive layout as an operational, persisted workflow rather than a decorative control.","Run the critical path and a realistic failure case for responsive layout on desktop and mobile.","Positive capability claims are balanced against direct-user failure reports and implementation constraints in the contradiction table.","Qualified",""
"S199","https://web.dev/articles/service-worker-lifecycle","Service Worker Lifecycle","web.dev","web.dev","Not available or not required for qualification","Not available","2026-08-27","Live versioned or maintained documentation inspected on access date","2026-08-27","Engineering, performance, and operations","Engineering/operations guidance","Builder Assist category or adjacent operational SaaS","Construction company owner, project manager, estimator, superintendent, BIM/VDC, or administrator","General or stated by source","Desktop and/or unspecified; mobile implications tagged separately where applicable","Construction workflow and product operations","","","Neutral","“Service Worker Lifecycle” establishes a primary implementation requirement for construction workflow and product operations, including bounded resource use and recoverable failure behavior.","A dependable, understandable, source-aware construction workflow and product operations workflow.","Scope, context, or methodology limits generalization; corroboration is required for high-impact decisions.","Primary engineering documentation or operational guidance","5","3","4","5","Previous 12 months","3","Expose construction workflow and product operations progressively with clear status and source context.","Implement construction workflow and product operations as an operational, persisted workflow rather than a decorative control.","Run the critical path and a realistic failure case for construction workflow and product operations on desktop and mobile.","Positive capability claims are balanced against direct-user failure reports and implementation constraints in the contradiction table.","Qualified",""
"S200","https://web.dev/articles/fetch-api-error-handling","Fetch API Error Handling","web.dev","web.dev","Not available or not required for qualification","Not available","2026-08-27","Live versioned or maintained documentation inspected on access date","2026-08-27","Engineering, performance, and operations","Engineering/operations guidance","Builder Assist category or adjacent operational SaaS","Construction company owner, project manager, estimator, superintendent, BIM/VDC, or administrator","General or stated by source","Desktop and/or unspecified; mobile implications tagged separately where applicable","Error visibility and recovery","Experienced / power user | Error / outage / recovery / reliability","","Neutral","“Fetch API Error Handling” establishes a primary implementation requirement for error visibility and recovery, including bounded resource use and recoverable failure behavior.","A dependable, understandable, source-aware error visibility and recovery workflow.","Scope, context, or methodology limits generalization; corroboration is required for high-impact decisions.","Primary engineering documentation or operational guidance","5","3","4","5","Previous 12 months","5","Expose error visibility and recovery progressively with clear status and source context.","Implement error visibility and recovery as an operational, persisted workflow rather than a decorative control.","Run the critical path and a realistic failure case for error visibility and recovery on desktop and mobile.","Positive capability claims are balanced against direct-user failure reports and implementation constraints in the contradiction table.","Qualified",""
"S201","https://www.sqlite.org/lang_transaction.html","Lang Transaction","SQLite","sqlite.org","Not available or not required for qualification","Not available","2026-08-27","Live versioned or maintained documentation inspected on access date","2026-08-27","Engineering, performance, and operations","Engineering/operations guidance","Sqlite","Construction company owner, project manager, estimator, superintendent, BIM/VDC, or administrator","General or stated by source","Desktop and/or unspecified; mobile implications tagged separately where applicable","Database transactions","","","Neutral","“Lang Transaction” establishes a primary implementation requirement for database transactions, including bounded resource use and recoverable failure behavior.","A dependable, understandable, source-aware database transactions workflow.","Scope, context, or methodology limits generalization; corroboration is required for high-impact decisions.","Primary engineering documentation or operational guidance","5","3","4","5","Previous 12 months","3","Expose database transactions progressively with clear status and source context.","Implement database transactions as an operational, persisted workflow rather than a decorative control.","Run the critical path and a realistic failure case for database transactions on desktop and mobile.","Positive capability claims are balanced against direct-user failure reports and implementation constraints in the contradiction table.","Qualified",""
"S202","https://www.sqlite.org/foreignkeys.html","Foreignkeys","SQLite","sqlite.org","Not available or not required for qualification","Not available","2026-08-27","Live versioned or maintained documentation inspected on access date","2026-08-27","Engineering, performance, and operations","Engineering/operations guidance","Sqlite","Construction company owner, project manager, estimator, superintendent, BIM/VDC, or administrator","General or stated by source","Desktop and/or unspecified; mobile implications tagged separately where applicable","Database integrity","","","Neutral","“Foreignkeys” establishes a primary implementation requirement for database integrity, including bounded resource use and recoverable failure behavior.","A dependable, understandable, source-aware database integrity workflow.","Scope, context, or methodology limits generalization; corroboration is required for high-impact decisions.","Primary engineering documentation or operational guidance","5","3","4","5","Previous 12 months","3","Expose database integrity progressively with clear status and source context.","Implement database integrity as an operational, persisted workflow rather than a decorative control.","Run the critical path and a realistic failure case for database integrity on desktop and mobile.","Positive capability claims are balanced against direct-user failure reports and implementation constraints in the contradiction table.","Qualified",""
"S203","https://www.sqlite.org/wal.html","Wal","SQLite","sqlite.org","Not available or not required for qualification","Not available","2026-08-27","Live versioned or maintained documentation inspected on access date","2026-08-27","Engineering, performance, and operations","Engineering/operations guidance","Sqlite","Construction company owner, project manager, estimator, superintendent, BIM/VDC, or administrator","General or stated by source","Desktop and/or unspecified; mobile implications tagged separately where applicable","Construction workflow and product operations","","","Neutral","“Wal” establishes a primary implementation requirement for construction workflow and product operations, including bounded resource use and recoverable failure behavior.","A dependable, understandable, source-aware construction workflow and product operations workflow.","Scope, context, or methodology limits generalization; corroboration is required for high-impact decisions.","Primary engineering documentation or operational guidance","5","3","4","5","Previous 12 months","3","Expose construction workflow and product operations progressively with clear status and source context.","Implement construction workflow and product operations as an operational, persisted workflow rather than a decorative control.","Run the critical path and a realistic failure case for construction workflow and product operations on desktop and mobile.","Positive capability claims are balanced against direct-user failure reports and implementation constraints in the contradiction table.","Qualified",""
"S204","https://www.sqlite.org/atomiccommit.html","Atomiccommit","SQLite","sqlite.org","Not available or not required for qualification","Not available","2026-08-27","Live versioned or maintained documentation inspected on access date","2026-08-27","Engineering, performance, and operations","Engineering/operations guidance","Sqlite","Construction company owner, project manager, estimator, superintendent, BIM/VDC, or administrator","General or stated by source","Desktop and/or unspecified; mobile implications tagged separately where applicable","Database atomicity","","","Neutral","“Atomiccommit” establishes a primary implementation requirement for database atomicity, including bounded resource use and recoverable failure behavior.","A dependable, understandable, source-aware database atomicity workflow.","Scope, context, or methodology limits generalization; corroboration is required for high-impact decisions.","Primary engineering documentation or operational guidance","5","3","4","5","Previous 12 months","3","Expose database atomicity progressively with clear status and source context.","Implement database atomicity as an operational, persisted workflow rather than a decorative control.","Run the critical path and a realistic failure case for database atomicity on desktop and mobile.","Positive capability claims are balanced against direct-user failure reports and implementation constraints in the contradiction table.","Qualified",""
"S205","https://www.sqlite.org/pragma.html#pragma_integrity_check","Pragma","SQLite","sqlite.org","Not available or not required for qualification","Not available","2026-08-27","Live versioned or maintained documentation inspected on access date","2026-08-27","Engineering, performance, and operations","Engineering/operations guidance","Sqlite","Construction company owner, project manager, estimator, superintendent, BIM/VDC, or administrator","General or stated by source","Desktop and/or unspecified; mobile implications tagged separately where applicable","Construction workflow and product operations","","","Neutral","“Pragma” establishes a primary implementation requirement for construction workflow and product operations, including bounded resource use and recoverable failure behavior.","A dependable, understandable, source-aware construction workflow and product operations workflow.","Scope, context, or methodology limits generalization; corroboration is required for high-impact decisions.","Primary engineering documentation or operational guidance","5","3","4","5","Previous 12 months","3","Expose construction workflow and product operations progressively with clear status and source context.","Implement construction workflow and product operations as an operational, persisted workflow rather than a decorative control.","Run the critical path and a realistic failure case for construction workflow and product operations on desktop and mobile.","Positive capability claims are balanced against direct-user failure reports and implementation constraints in the contradiction table.","Qualified",""
"S206","https://opentelemetry.io/docs/languages/js/getting-started/browser/","Browser","OpenTelemetry","opentelemetry.io","Not available or not required for qualification","Not available","2026-08-27","Live versioned or maintained documentation inspected on access date","2026-08-27","Engineering, performance, and operations","Engineering/operations guidance","Builder Assist category or adjacent operational SaaS","Construction company owner, project manager, estimator, superintendent, BIM/VDC, or administrator","General or stated by source","Desktop and/or unspecified; mobile implications tagged separately where applicable","Construction workflow and product operations","Onboarding / first-time use","","Neutral","“Browser” establishes a primary implementation requirement for construction workflow and product operations, including bounded resource use and recoverable failure behavior.","A dependable, understandable, source-aware construction workflow and product operations workflow.","Scope, context, or methodology limits generalization; corroboration is required for high-impact decisions.","Primary engineering documentation or operational guidance","5","3","4","5","Previous 12 months","3","Expose construction workflow and product operations progressively with clear status and source context.","Implement construction workflow and product operations as an operational, persisted workflow rather than a decorative control.","Run the critical path and a realistic failure case for construction workflow and product operations on desktop and mobile.","Positive capability claims are balanced against direct-user failure reports and implementation constraints in the contradiction table.","Qualified",""
"S207","https://opentelemetry.io/docs/specs/semconv/general/attributes/","Attributes","OpenTelemetry","opentelemetry.io","Not available or not required for qualification","Not available","2026-08-27","Live versioned or maintained documentation inspected on access date","2026-08-27","Engineering, performance, and operations","Engineering/operations guidance","Builder Assist category or adjacent operational SaaS","Construction company owner, project manager, estimator, superintendent, BIM/VDC, or administrator","General or stated by source","Desktop and/or unspecified; mobile implications tagged separately where applicable","Construction workflow and product operations","","","Neutral","“Attributes” establishes a primary implementation requirement for construction workflow and product operations, including bounded resource use and recoverable failure behavior.","A dependable, understandable, source-aware construction workflow and product operations workflow.","Scope, context, or methodology limits generalization; corroboration is required for high-impact decisions.","Primary engineering documentation or operational guidance","5","3","4","5","Previous 12 months","3","Expose construction workflow and product operations progressively with clear status and source context.","Implement construction workflow and product operations as an operational, persisted workflow rather than a decorative control.","Run the critical path and a realistic failure case for construction workflow and product operations on desktop and mobile.","Positive capability claims are balanced against direct-user failure reports and implementation constraints in the contradiction table.","Qualified",""
"S208","https://opentelemetry.io/docs/languages/js/instrumentation/","Instrumentation","OpenTelemetry","opentelemetry.io","Not available or not required for qualification","Not available","2026-08-27","Live versioned or maintained documentation inspected on access date","2026-08-27","Engineering, performance, and operations","Engineering/operations guidance","Builder Assist category or adjacent operational SaaS","Construction company owner, project manager, estimator, superintendent, BIM/VDC, or administrator","General or stated by source","Desktop and/or unspecified; mobile implications tagged separately where applicable","Construction workflow and product operations","","","Neutral","“Instrumentation” establishes a primary implementation requirement for construction workflow and product operations, including bounded resource use and recoverable failure behavior.","A dependable, understandable, source-aware construction workflow and product operations workflow.","Scope, context, or methodology limits generalization; corroboration is required for high-impact decisions.","Primary engineering documentation or operational guidance","5","3","4","5","Previous 12 months","3","Expose construction workflow and product operations progressively with clear status and source context.","Implement construction workflow and product operations as an operational, persisted workflow rather than a decorative control.","Run the critical path and a realistic failure case for construction workflow and product operations on desktop and mobile.","Positive capability claims are balanced against direct-user failure reports and implementation constraints in the contradiction table.","Qualified",""
"S209","https://maplibre.org/maplibre-gl-js/docs/guides/large-data/","Large Data","MapLibre","maplibre.org","Not available or not required for qualification","Not available","2026-08-27","Live versioned or maintained documentation inspected on access date","2026-08-27","Engineering, performance, and operations","Engineering/operations guidance","Maplibre","Construction company owner, project manager, estimator, superintendent, BIM/VDC, or administrator","General or stated by source","Desktop and/or unspecified; mobile implications tagged separately where applicable","Construction workflow and product operations","","","Neutral","“Large Data” establishes a primary implementation requirement for construction workflow and product operations, including bounded resource use and recoverable failure behavior.","A dependable, understandable, source-aware construction workflow and product operations workflow.","Scope, context, or methodology limits generalization; corroboration is required for high-impact decisions.","Primary engineering documentation or operational guidance","5","3","4","5","Previous 12 months","3","Expose construction workflow and product operations progressively with clear status and source context.","Implement construction workflow and product operations as an operational, persisted workflow rather than a decorative control.","Run the critical path and a realistic failure case for construction workflow and product operations on desktop and mobile.","Positive capability claims are balanced against direct-user failure reports and implementation constraints in the contradiction table.","Qualified",""
"S210","https://xeokit.github.io/sdk//api-docs.html","API Docs","xeokit","xeokit.github.io","Not available or not required for qualification","Not available","2026-08-27","Live versioned or maintained documentation inspected on access date","2026-08-27","Engineering, performance, and operations","Engineering/operations guidance","Xeokit","Construction company owner, project manager, estimator, superintendent, BIM/VDC, or administrator","General or stated by source","Desktop and/or unspecified; mobile implications tagged separately where applicable","Construction workflow and product operations","Experienced / power user","BIM / digital twin / 4D sequencing | Browser 3D / WebGL / large-model performance","Neutral","“API Docs” establishes a primary implementation requirement for construction workflow and product operations, including bounded resource use and recoverable failure behavior.","A dependable, understandable, source-aware construction workflow and product operations workflow.","Scope, context, or methodology limits generalization; corroboration is required for high-impact decisions.","Primary engineering documentation or operational guidance","5","3","4","5","Previous 12 months","3","Expose construction workflow and product operations progressively with clear status and source context.","Implement construction workflow and product operations as an operational, persisted workflow rather than a decorative control.","Run the critical path and a realistic failure case for construction workflow and product operations on desktop and mobile.","Positive capability claims are balanced against direct-user failure reports and implementation constraints in the contradiction table.","Qualified",""
"S211","https://registry.khronos.org/glTF/specs/2.0/glTF-2.0.html?ld=A","GlTF 2.0","Khronos Group","registry.khronos.org","Not available or not required for qualification","Not available","2026-08-27","Live versioned or maintained documentation inspected on access date","2026-08-27","Engineering, performance, and operations","Engineering/operations guidance","Builder Assist category or adjacent operational SaaS","Estimator, project manager, BIM/VDC coordinator","General or stated by source","Desktop and/or unspecified; mobile implications tagged separately where applicable","Parcel/GIS evidence","","Authoritative GIS / parcel / survey / topography","Neutral","“GlTF 2.0” establishes a primary implementation requirement for parcel/gis evidence, including bounded resource use and recoverable failure behavior.","A dependable, understandable, source-aware parcel/gis evidence workflow.","Scope, context, or methodology limits generalization; corroboration is required for high-impact decisions.","Primary engineering documentation or operational guidance","5","3","5","5","Previous 12 months","3","Expose parcel/gis evidence progressively with clear status and source context.","Implement parcel/gis evidence as an operational, persisted workflow rather than a decorative control.","Run the critical path and a realistic failure case for parcel/gis evidence on desktop and mobile.","Positive capability claims are balanced against direct-user failure reports and implementation constraints in the contradiction table.","Qualified",""
"S212","https://maplibre.org/maplibre-gl-js/docs/examples/3d-terrain/","3d Terrain","MapLibre","maplibre.org","Not available or not required for qualification","Not available","2026-08-27","Live versioned or maintained documentation inspected on access date","2026-08-27","Engineering, performance, and operations","Engineering/operations guidance","Maplibre","Estimator, project manager, BIM/VDC coordinator","General or stated by source","Desktop and/or unspecified; mobile implications tagged separately where applicable","Topography and terrain","","Authoritative GIS / parcel / survey / topography","Neutral","“3d Terrain” establishes a primary implementation requirement for topography and terrain, including bounded resource use and recoverable failure behavior.","A dependable, understandable, source-aware topography and terrain workflow.","Scope, context, or methodology limits generalization; corroboration is required for high-impact decisions.","Primary engineering documentation or operational guidance","5","3","5","5","Previous 12 months","3","Expose topography and terrain progressively with clear status and source context.","Implement topography and terrain as an operational, persisted workflow rather than a decorative control.","Run the critical path and a realistic failure case for topography and terrain on desktop and mobile.","Positive capability claims are balanced against direct-user failure reports and implementation constraints in the contradiction table.","Qualified",""
"S213","https://react.dev/reference/react/Component#catching-rendering-errors-with-an-error-boundary","Component","React","react.dev","Not available or not required for qualification","Not available","2026-08-27","Live versioned or maintained documentation inspected on access date","2026-08-27","Engineering, performance, and operations","Engineering/operations guidance","React","Construction company owner, project manager, estimator, superintendent, BIM/VDC, or administrator","General or stated by source","Desktop and/or unspecified; mobile implications tagged separately where applicable","Error visibility and recovery","Error / outage / recovery / reliability","","Neutral","“Component” establishes a primary implementation requirement for error visibility and recovery, including bounded resource use and recoverable failure behavior.","A dependable, understandable, source-aware error visibility and recovery workflow.","Scope, context, or methodology limits generalization; corroboration is required for high-impact decisions.","Primary engineering documentation or operational guidance","5","3","4","5","Previous 12 months","5","Expose error visibility and recovery progressively with clear status and source context.","Implement error visibility and recovery as an operational, persisted workflow rather than a decorative control.","Run the critical path and a realistic failure case for error visibility and recovery on desktop and mobile.","Positive capability claims are balanced against direct-user failure reports and implementation constraints in the contradiction table.","Qualified",""
"S214","https://developers.cloudflare.com/workers/observability/logs/workers-logs/","Workers Logs","Cloudflare","developers.cloudflare.com","Not available or not required for qualification","Not available","2026-08-27","Live versioned or maintained documentation inspected on access date","2026-08-27","Engineering, performance, and operations","Engineering/operations guidance","Cloudflare","Construction company owner, project manager, estimator, superintendent, BIM/VDC, or administrator","General or stated by source","Desktop and/or unspecified; mobile implications tagged separately where applicable","Observability and logging","","","Neutral","“Workers Logs” establishes a primary implementation requirement for observability and logging, including bounded resource use and recoverable failure behavior.","A dependable, understandable, source-aware observability and logging workflow.","Scope, context, or methodology limits generalization; corroboration is required for high-impact decisions.","Primary engineering documentation or operational guidance","5","3","4","5","Previous 12 months","3","Expose observability and logging progressively with clear status and source context.","Implement observability and logging as an operational, persisted workflow rather than a decorative control.","Run the critical path and a realistic failure case for observability and logging on desktop and mobile.","Positive capability claims are balanced against direct-user failure reports and implementation constraints in the contradiction table.","Qualified",""
"S215","https://developers.cloudflare.com/workers/observability/errors/","Errors","Cloudflare","developers.cloudflare.com","Not available or not required for qualification","Not available","2026-08-27","Live versioned or maintained documentation inspected on access date","2026-08-27","Engineering, performance, and operations","Engineering/operations guidance","Cloudflare","Construction company owner, project manager, estimator, superintendent, BIM/VDC, or administrator","General or stated by source","Desktop and/or unspecified; mobile implications tagged separately where applicable","Error visibility and recovery","Error / outage / recovery / reliability","","Neutral","“Errors” establishes a primary implementation requirement for error visibility and recovery, including bounded resource use and recoverable failure behavior.","A dependable, understandable, source-aware error visibility and recovery workflow.","Scope, context, or methodology limits generalization; corroboration is required for high-impact decisions.","Primary engineering documentation or operational guidance","5","3","4","5","Previous 12 months","5","Expose error visibility and recovery progressively with clear status and source context.","Implement error visibility and recovery as an operational, persisted workflow rather than a decorative control.","Run the critical path and a realistic failure case for error visibility and recovery on desktop and mobile.","Positive capability claims are balanced against direct-user failure reports and implementation constraints in the contradiction table.","Qualified",""
"S216","https://pomerleau.ca/sites/pomerleau/files/2025-08/digital-twin-construction-in-practice-a-case-study-of-closed-loop-production-control-integrating.pdf","Digital Twin Construction in Practice: A Case Study of Closed-Loop Production Control Integrating BIM, GIS, and IoT Sensors","Pomerleau","pomerleau.ca","Not available or not required for qualification","2025","Not available","Year displayed in source edition, title, or canonical URL","2026-08-27","Independent comparisons and case studies","Independent comparison/case study","Digital-Twin","Construction company owner, project manager, estimator, superintendent, BIM/VDC, or administrator","General or stated by source","Desktop and/or unspecified; mobile implications tagged separately where applicable","3D/BIM model viewing","Team / administrator / collaboration","BIM / digital twin / 4D sequencing | Authoritative GIS / parcel / survey / topography","Mixed","“Digital Twin Construction in Practice: A Case Study of Closed-Loop Production Control Integrating BIM, GIS, and IoT Sensors” shows how construction or adjacent operational products deliver value and where complexity, vendor bias, integration burden, or weak field usability can undermine adoption.","A dependable, understandable, source-aware 3d/bim model viewing workflow.","Vendor-controlled evidence verifies behavior but does not independently establish user sentiment or outcomes.","Independent comparison, implementation report, or case study","3","3","5","5","Previous 12 months","3","Expose 3d/bim model viewing progressively with clear status and source context.","Implement 3d/bim model viewing as an operational, persisted workflow rather than a decorative control.","Run the critical path and a realistic failure case for 3d/bim model viewing on desktop and mobile.","Positive capability claims are balanced against direct-user failure reports and implementation constraints in the contradiction table.","Qualified",""
"S217","https://www.constructiondive.com/news/Bentley-Systems-digital-twins-transportation-infrastructure-projects/759726/","759726","Construction Dive","constructiondive.com","Not available or not required for qualification","2025-09-10","Not available","Date displayed in inspected content or publication","2026-08-27","Independent comparisons and case studies","Independent comparison/case study","Digital-Twin","Construction company owner, project manager, estimator, superintendent, BIM/VDC, or administrator","General or stated by source","Desktop and/or unspecified; mobile implications tagged separately where applicable","Construction workflow and product operations","Team / administrator / collaboration","BIM / digital twin / 4D sequencing","Mixed","“759726” shows how construction or adjacent operational products deliver value and where complexity, vendor bias, integration burden, or weak field usability can undermine adoption.","A dependable, understandable, source-aware construction workflow and product operations workflow.","Scope, context, or methodology limits generalization; corroboration is required for high-impact decisions.","Independent comparison, implementation report, or case study","5","3","5","5","Previous 12 months","3","Expose construction workflow and product operations progressively with clear status and source context.","Implement construction workflow and product operations as an operational, persisted workflow rather than a decorative control.","Run the critical path and a realistic failure case for construction workflow and product operations on desktop and mobile.","Positive capability claims are balanced against direct-user failure reports and implementation constraints in the contradiction table.","Qualified",""
"S218","https://www.enr.com/articles/60367-durham-nc-tower-project-team-stays-informed-with-buildots","60367 Durham Nc Tower Project Team Stays Informed With Buildots","Engineering News-Record","enr.com","Not available or not required for qualification","Not available","Not available","No reliable date retained from accessible content","2026-08-27","Independent comparisons and case studies","Independent comparison/case study","Builder Assist category or adjacent operational SaaS","Construction company owner, project manager, estimator, superintendent, BIM/VDC, or administrator","General or stated by source","Desktop and/or unspecified; mobile implications tagged separately where applicable","Construction workflow and product operations","Team / administrator / collaboration","","Mixed","“60367 Durham Nc Tower Project Team Stays Informed With Buildots” shows how construction or adjacent operational products deliver value and where complexity, vendor bias, integration burden, or weak field usability can undermine adoption.","A dependable, understandable, source-aware construction workflow and product operations workflow.","Scope, context, or methodology limits generalization; corroboration is required for high-impact decisions.","Independent comparison, implementation report, or case study","5","3","4","1","Unverified","3","Expose construction workflow and product operations progressively with clear status and source context.","Implement construction workflow and product operations as an operational, persisted workflow rather than a decorative control.","Run the critical path and a realistic failure case for construction workflow and product operations on desktop and mobile.","Positive capability claims are balanced against direct-user failure reports and implementation constraints in the contradiction table.","Qualified",""
"S219","https://aecmag.com/digital-twin/autodesk-tandem-in-2025/","Autodesk Tandem In 2025","AEC Magazine","aecmag.com","Not available or not required for qualification","2025","Not available","Year displayed in source edition, title, or canonical URL","2026-08-27","Independent comparisons and case studies","Independent comparison/case study","Autodesk","Construction company owner, project manager, estimator, superintendent, BIM/VDC, or administrator","General or stated by source","Desktop and/or unspecified; mobile implications tagged separately where applicable","Construction workflow and product operations","Team / administrator / collaboration","BIM / digital twin / 4D sequencing","Mixed","“Autodesk Tandem In 2025” shows how construction or adjacent operational products deliver value and where complexity, vendor bias, integration burden, or weak field usability can undermine adoption.","A dependable, understandable, source-aware construction workflow and product operations workflow.","Scope, context, or methodology limits generalization; corroboration is required for high-impact decisions.","Independent comparison, implementation report, or case study","5","3","4","5","Previous 12 months","3","Expose construction workflow and product operations progressively with clear status and source context.","Implement construction workflow and product operations as an operational, persisted workflow rather than a decorative control.","Run the critical path and a realistic failure case for construction workflow and product operations on desktop and mobile.","Positive capability claims are balanced against direct-user failure reports and implementation constraints in the contradiction table.","Qualified",""
"S220","https://www.forbes.com/advisor/business/best-construction-project-management-software/","Best Construction Project Management Software","Forbes Advisor","forbes.com","Not available or not required for qualification","Not available","Not available","No reliable date retained from accessible content","2026-08-27","Independent comparisons and case studies","Independent comparison/case study","Builder Assist category or adjacent operational SaaS","Construction company owner, project manager, estimator, superintendent, BIM/VDC, or administrator","General or stated by source","Desktop and/or unspecified; mobile implications tagged separately where applicable","Construction project management","Team / administrator / collaboration","","Mixed","“Best Construction Project Management Software” shows how construction or adjacent operational products deliver value and where complexity, vendor bias, integration burden, or weak field usability can undermine adoption.","A dependable, understandable, source-aware construction project management workflow.","Commercial or affiliate incentives may affect selection and ranking; feature evidence is retained but claims receive reduced weight.","Independent comparison, implementation report, or case study","3","3","5","1","Unverified","3","Expose construction project management progressively with clear status and source context.","Implement construction project management as an operational, persisted workflow rather than a decorative control.","Run the critical path and a realistic failure case for construction project management on desktop and mobile.","Positive capability claims are balanced against direct-user failure reports and implementation constraints in the contradiction table.","Qualified",""
"S221","https://thedigitalprojectmanager.com/tools/best-construction-project-management-software/","Best Construction Project Management Software","The Digital Project Manager","thedigitalprojectmanager.com","Not available or not required for qualification","Not available","Not available","No reliable date retained from accessible content","2026-08-27","Independent comparisons and case studies","Independent comparison/case study","Builder Assist category or adjacent operational SaaS","Construction company owner, project manager, estimator, superintendent, BIM/VDC, or administrator","General or stated by source","Desktop and/or unspecified; mobile implications tagged separately where applicable","Construction project management","Team / administrator / collaboration","","Mixed","“Best Construction Project Management Software” shows how construction or adjacent operational products deliver value and where complexity, vendor bias, integration burden, or weak field usability can undermine adoption.","A dependable, understandable, source-aware construction project management workflow.","Commercial or affiliate incentives may affect selection and ranking; feature evidence is retained but claims receive reduced weight.","Independent comparison, implementation report, or case study","3","3","5","1","Unverified","3","Expose construction project management progressively with clear status and source context.","Implement construction project management as an operational, persisted workflow rather than a decorative control.","Run the critical path and a realistic failure case for construction project management on desktop and mobile.","Positive capability claims are balanced against direct-user failure reports and implementation constraints in the contradiction table.","Qualified",""
"S222","https://zapier.com/blog/best-internal-tool-builder/","Best Internal Tool Builder","Zapier","zapier.com","Not available or not required for qualification","Not available","Not available","No reliable date retained from accessible content","2026-08-27","Independent comparisons and case studies","Independent comparison/case study","Builder Assist category or adjacent operational SaaS","Construction company owner, project manager, estimator, superintendent, BIM/VDC, or administrator","General or stated by source","Desktop and/or unspecified; mobile implications tagged separately where applicable","Observability and logging","Experienced / power user | Team / administrator / collaboration","","Mixed","“Best Internal Tool Builder” shows how construction or adjacent operational products deliver value and where complexity, vendor bias, integration burden, or weak field usability can undermine adoption.","A dependable, understandable, source-aware observability and logging workflow.","Scope, context, or methodology limits generalization; corroboration is required for high-impact decisions.","Independent comparison, implementation report, or case study","5","3","4","1","Unverified","3","Expose observability and logging progressively with clear status and source context.","Implement observability and logging as an operational, persisted workflow rather than a decorative control.","Run the critical path and a realistic failure case for observability and logging on desktop and mobile.","Positive capability claims are balanced against direct-user failure reports and implementation constraints in the contradiction table.","Qualified",""
"S223","https://www.cio.com/article/230825/essential-project-management-tools.html","Essential Project Management Tools","CIO","cio.com","Not available or not required for qualification","Not available","Not available","No reliable date retained from accessible content","2026-08-27","Independent comparisons and case studies","Independent comparison/case study","Builder Assist category or adjacent operational SaaS","Construction company owner, project manager, estimator, superintendent, BIM/VDC, or administrator","General or stated by source","Desktop and/or unspecified; mobile implications tagged separately where applicable","Construction project management","Team / administrator / collaboration","","Mixed","“Essential Project Management Tools” shows how construction or adjacent operational products deliver value and where complexity, vendor bias, integration burden, or weak field usability can undermine adoption.","A dependable, understandable, source-aware construction project management workflow.","Scope, context, or methodology limits generalization; corroboration is required for high-impact decisions.","Independent comparison, implementation report, or case study","5","3","4","1","Unverified","3","Expose construction project management progressively with clear status and source context.","Implement construction project management as an operational, persisted workflow rather than a decorative control.","Run the critical path and a realistic failure case for construction project management on desktop and mobile.","Positive capability claims are balanced against direct-user failure reports and implementation constraints in the contradiction table.","Qualified",""
"S224","https://technologyadvice.com/construction-project-management-software/","Construction Project Management Software","TechnologyAdvice","technologyadvice.com","Not available or not required for qualification","Not available","Not available","No reliable date retained from accessible content","2026-08-27","Independent comparisons and case studies","Independent comparison/case study","Builder Assist category or adjacent operational SaaS","Construction company owner, project manager, estimator, superintendent, BIM/VDC, or administrator","General or stated by source","Desktop and/or unspecified; mobile implications tagged separately where applicable","Observability and logging","Team / administrator / collaboration","","Mixed","“Construction Project Management Software” shows how construction or adjacent operational products deliver value and where complexity, vendor bias, integration burden, or weak field usability can undermine adoption.","A dependable, understandable, source-aware observability and logging workflow.","Commercial or affiliate incentives may affect selection and ranking; feature evidence is retained but claims receive reduced weight.","Independent comparison, implementation report, or case study","3","3","5","1","Unverified","3","Expose observability and logging progressively with clear status and source context.","Implement observability and logging as an operational, persisted workflow rather than a decorative control.","Run the critical path and a realistic failure case for observability and logging on desktop and mobile.","Positive capability claims are balanced against direct-user failure reports and implementation constraints in the contradiction table.","Qualified",""
"S225","https://www.techrepublic.com/article/best-construction-project-management-software/","Best Construction Project Management Software","TechRepublic","techrepublic.com","Not available or not required for qualification","Not available","Not available","No reliable date retained from accessible content","2026-08-27","Independent comparisons and case studies","Independent comparison/case study","Builder Assist category or adjacent operational SaaS","Construction company owner, project manager, estimator, superintendent, BIM/VDC, or administrator","General or stated by source","Desktop and/or unspecified; mobile implications tagged separately where applicable","Construction project management","Team / administrator / collaboration","","Mixed","“Best Construction Project Management Software” shows how construction or adjacent operational products deliver value and where complexity, vendor bias, integration burden, or weak field usability can undermine adoption.","A dependable, understandable, source-aware construction project management workflow.","Commercial or affiliate incentives may affect selection and ranking; feature evidence is retained but claims receive reduced weight.","Independent comparison, implementation report, or case study","3","3","5","1","Unverified","3","Expose construction project management progressively with clear status and source context.","Implement construction project management as an operational, persisted workflow rather than a decorative control.","Run the critical path and a realistic failure case for construction project management on desktop and mobile.","Positive capability claims are balanced against direct-user failure reports and implementation constraints in the contradiction table.","Qualified",""
"S226","https://project-management.com/top-construction-project-management-software/","Top Construction Project Management Software","Project-Management.com","project-management.com","Not available or not required for qualification","Not available","Not available","No reliable date retained from accessible content","2026-08-27","Independent comparisons and case studies","Independent comparison/case study","Builder Assist category or adjacent operational SaaS","Construction company owner, project manager, estimator, superintendent, BIM/VDC, or administrator","General or stated by source","Desktop and/or unspecified; mobile implications tagged separately where applicable","Construction project management","Team / administrator / collaboration","","Mixed","“Top Construction Project Management Software” shows how construction or adjacent operational products deliver value and where complexity, vendor bias, integration burden, or weak field usability can undermine adoption.","A dependable, understandable, source-aware construction project management workflow.","Commercial or affiliate incentives may affect selection and ranking; feature evidence is retained but claims receive reduced weight.","Independent comparison, implementation report, or case study","3","3","5","1","Unverified","3","Expose construction project management progressively with clear status and source context.","Implement construction project management as an operational, persisted workflow rather than a decorative control.","Run the critical path and a realistic failure case for construction project management on desktop and mobile.","Positive capability claims are balanced against direct-user failure reports and implementation constraints in the contradiction table.","Qualified",""
"S227","https://www.business.com/articles/construction-estimating-tools/","Construction Estimating Tools","business.com","business.com","Not available or not required for qualification","2026-01-27","Not available","Date displayed in inspected content or publication","2026-08-27","Independent comparisons and case studies","Independent comparison/case study","Builder Assist category or adjacent operational SaaS","Construction company owner, project manager, estimator, superintendent, BIM/VDC, or administrator","General or stated by source","Desktop and/or unspecified; mobile implications tagged separately where applicable","Construction estimating","Team / administrator / collaboration","","Mixed","“Construction Estimating Tools” shows how construction or adjacent operational products deliver value and where complexity, vendor bias, integration burden, or weak field usability can undermine adoption.","A dependable, understandable, source-aware construction estimating workflow.","Commercial or affiliate incentives may affect selection and ranking; feature evidence is retained but claims receive reduced weight.","Independent comparison, implementation report, or case study","3","3","5","5","Previous 12 months","3","Expose construction estimating progressively with clear status and source context.","Implement construction estimating as an operational, persisted workflow rather than a decorative control.","Run the critical path and a realistic failure case for construction estimating on desktop and mobile.","Positive capability claims are balanced against direct-user failure reports and implementation constraints in the contradiction table.","Qualified",""
"S228","https://fitsmallbusiness.com/best-construction-software-with-quickbooks-integration/","Best Construction Software With Quickbooks Integration","Fit Small Business","fitsmallbusiness.com","Not available or not required for qualification","Not available","Not available","No reliable date retained from accessible content","2026-08-27","Independent comparisons and case studies","Independent comparison/case study","Builder Assist category or adjacent operational SaaS","Construction company owner, project manager, estimator, superintendent, BIM/VDC, or administrator","General or stated by source","Desktop and/or unspecified; mobile implications tagged separately where applicable","Construction workflow and product operations","Team / administrator / collaboration","","Mixed","“Best Construction Software With Quickbooks Integration” shows how construction or adjacent operational products deliver value and where complexity, vendor bias, integration burden, or weak field usability can undermine adoption.","A dependable, understandable, source-aware construction workflow and product operations workflow.","Commercial or affiliate incentives may affect selection and ranking; feature evidence is retained but claims receive reduced weight.","Independent comparison, implementation report, or case study","3","3","5","1","Unverified","3","Expose construction workflow and product operations progressively with clear status and source context.","Implement construction workflow and product operations as an operational, persisted workflow rather than a decorative control.","Run the critical path and a realistic failure case for construction workflow and product operations on desktop and mobile.","Positive capability claims are balanced against direct-user failure reports and implementation constraints in the contradiction table.","Qualified",""
"S229","https://www.techradar.com/best/best-project-management-software","Best Project Management Software","TechRadar","techradar.com","Not available or not required for qualification","Not available","Not available","No reliable date retained from accessible content","2026-08-27","Independent comparisons and case studies","Independent comparison/case study","Builder Assist category or adjacent operational SaaS","Construction company owner, project manager, estimator, superintendent, BIM/VDC, or administrator","General or stated by source","Desktop and/or unspecified; mobile implications tagged separately where applicable","Construction project management","Team / administrator / collaboration","","Mixed","“Best Project Management Software” shows how construction or adjacent operational products deliver value and where complexity, vendor bias, integration burden, or weak field usability can undermine adoption.","A dependable, understandable, source-aware construction project management workflow.","Commercial or affiliate incentives may affect selection and ranking; feature evidence is retained but claims receive reduced weight.","Independent comparison, implementation report, or case study","3","3","4","1","Unverified","3","Expose construction project management progressively with clear status and source context.","Implement construction project management as an operational, persisted workflow rather than a decorative control.","Run the critical path and a realistic failure case for construction project management on desktop and mobile.","Positive capability claims are balanced against direct-user failure reports and implementation constraints in the contradiction table.","Qualified",""
"S230","https://link.springer.com/article/10.1007/s44290-025-00228-6","S44290 025 00228 6","Springer Nature","link.springer.com","Not available or not required for qualification","Not available","Not available","No reliable date retained from accessible content","2026-08-27","Independent comparisons and case studies","Independent comparison/case study","Builder Assist category or adjacent operational SaaS","Construction company owner, project manager, estimator, superintendent, BIM/VDC, or administrator","General or stated by source","Desktop and/or unspecified; mobile implications tagged separately where applicable","Construction workflow and product operations","Team / administrator / collaboration","","Mixed","“S44290 025 00228 6” shows how construction or adjacent operational products deliver value and where complexity, vendor bias, integration burden, or weak field usability can undermine adoption.","A dependable, understandable, source-aware construction workflow and product operations workflow.","Scope, context, or methodology limits generalization; corroboration is required for high-impact decisions.","Independent comparison, implementation report, or case study","5","3","4","1","Unverified","3","Expose construction workflow and product operations progressively with clear status and source context.","Implement construction workflow and product operations as an operational, persisted workflow rather than a decorative control.","Run the critical path and a realistic failure case for construction workflow and product operations on desktop and mobile.","Positive capability claims are balanced against direct-user failure reports and implementation constraints in the contradiction table.","Qualified",""
"S231","https://isprs-archives.copernicus.org/articles/XLVIII-4-W19-2025/63/2026/","2026","ISPRS Archives","isprs-archives.copernicus.org","Not available or not required for qualification","2025","Not available","Year displayed in source edition, title, or canonical URL","2026-08-27","Independent comparisons and case studies","Independent comparison/case study","Builder Assist category or adjacent operational SaaS","Construction company owner, project manager, estimator, superintendent, BIM/VDC, or administrator","General or stated by source","Desktop and/or unspecified; mobile implications tagged separately where applicable","Construction workflow and product operations","Team / administrator / collaboration","","Mixed","“2026” shows how construction or adjacent operational products deliver value and where complexity, vendor bias, integration burden, or weak field usability can undermine adoption.","A dependable, understandable, source-aware construction workflow and product operations workflow.","Scope, context, or methodology limits generalization; corroboration is required for high-impact decisions.","Independent comparison, implementation report, or case study","5","3","4","5","Previous 12 months","3","Expose construction workflow and product operations progressively with clear status and source context.","Implement construction workflow and product operations as an operational, persisted workflow rather than a decorative control.","Run the critical path and a realistic failure case for construction workflow and product operations on desktop and mobile.","Positive capability claims are balanced against direct-user failure reports and implementation constraints in the contradiction table.","Qualified",""
"S232","https://www.fig.net/resources/proceedings/fig_proceedings/fig2024/papers/ts10b/TS10B_frey_dahmen_et_al_12626_abs.pdf","TS10B Frey Dahmen Et Al 12626 Abs","International Federation of Surveyors","fig.net","Not available or not required for qualification","2024","Not available","Year displayed in source edition, title, or canonical URL","2026-08-27","Independent comparisons and case studies","Independent comparison/case study","Builder Assist category or adjacent operational SaaS","Construction company owner, project manager, estimator, superintendent, BIM/VDC, or administrator","General or stated by source","Desktop and/or unspecified; mobile implications tagged separately where applicable","Construction workflow and product operations","Team / administrator / collaboration","","Mixed","“TS10B Frey Dahmen Et Al 12626 Abs” shows how construction or adjacent operational products deliver value and where complexity, vendor bias, integration burden, or weak field usability can undermine adoption.","A dependable, understandable, source-aware construction workflow and product operations workflow.","Scope, context, or methodology limits generalization; corroboration is required for high-impact decisions.","Independent comparison, implementation report, or case study","5","3","4","4","Previous 36 months","3","Expose construction workflow and product operations progressively with clear status and source context.","Implement construction workflow and product operations as an operational, persisted workflow rather than a decorative control.","Run the critical path and a realistic failure case for construction workflow and product operations on desktop and mobile.","Positive capability claims are balanced against direct-user failure reports and implementation constraints in the contradiction table.","Qualified",""
"S233","https://jst-ud.vn/jst-ud/article/download/10311/6733/29290","An Application of Building Information Modeling in Construction Schedule Management – A Case Study of Olalani Riverside Tower Project","University of Danang Journal of Science and Technology","jst-ud.vn","Not available or not required for qualification","2025-10","Not available","Date displayed in inspected content or publication","2026-08-27","Independent comparisons and case studies","Independent comparison/case study","Builder Assist category or adjacent operational SaaS","Construction company owner, project manager, estimator, superintendent, BIM/VDC, or administrator","General or stated by source","Desktop and/or unspecified; mobile implications tagged separately where applicable","3D/BIM model viewing","Team / administrator / collaboration","BIM / digital twin / 4D sequencing","Mixed","“An Application of Building Information Modeling in Construction Schedule Management – A Case Study of Olalani Riverside Tower Project” shows how construction or adjacent operational products deliver value and where complexity, vendor bias, integration burden, or weak field usability can undermine adoption.","A dependable, understandable, source-aware 3d/bim model viewing workflow.","Scope, context, or methodology limits generalization; corroboration is required for high-impact decisions.","Independent comparison, implementation report, or case study","5","3","5","5","Previous 12 months","3","Expose 3d/bim model viewing progressively with clear status and source context.","Implement 3d/bim model viewing as an operational, persisted workflow rather than a decorative control.","Run the critical path and a realistic failure case for 3d/bim model viewing on desktop and mobile.","Positive capability claims are balanced against direct-user failure reports and implementation constraints in the contradiction table.","Qualified",""
"S234","https://www.ijert.org/maximizing-the-project-efficiency-through-comprehensive-bim-coordination-and-gis-integration","Maximizing The Project Efficiency Through Comprehensive BIM Coordination And GIS Integration","IJERT","ijert.org","Not available or not required for qualification","Not available","Not available","No reliable date retained from accessible content","2026-08-27","Independent comparisons and case studies","Independent comparison/case study","Bim","Construction company owner, project manager, estimator, superintendent, BIM/VDC, or administrator","General or stated by source","Desktop and/or unspecified; mobile implications tagged separately where applicable","3D/BIM model viewing","Team / administrator / collaboration","BIM / digital twin / 4D sequencing | Authoritative GIS / parcel / survey / topography","Mixed","“Maximizing The Project Efficiency Through Comprehensive BIM Coordination And GIS Integration” shows how construction or adjacent operational products deliver value and where complexity, vendor bias, integration burden, or weak field usability can undermine adoption.","A dependable, understandable, source-aware 3d/bim model viewing workflow.","Scope, context, or methodology limits generalization; corroboration is required for high-impact decisions.","Independent comparison, implementation report, or case study","5","3","5","1","Unverified","3","Expose 3d/bim model viewing progressively with clear status and source context.","Implement 3d/bim model viewing as an operational, persisted workflow rather than a decorative control.","Run the critical path and a realistic failure case for 3d/bim model viewing on desktop and mobile.","Positive capability claims are balanced against direct-user failure reports and implementation constraints in the contradiction table.","Qualified",""
"S235","https://www.deloitte.com/us/en/insights/industry/engineering-and-construction/engineering-and-construction-industry-outlook/2025.html","2025","Deloitte Insights","deloitte.com","Not available or not required for qualification","2025","Not available","Year displayed in source edition, title, or canonical URL","2026-08-27","Independent comparisons and case studies","Independent comparison/case study","Builder Assist category or adjacent operational SaaS","Construction company owner, project manager, estimator, superintendent, BIM/VDC, or administrator","General or stated by source","Desktop and/or unspecified; mobile implications tagged separately where applicable","Construction workflow and product operations","Team / administrator / collaboration","","Mixed","“2025” shows how construction or adjacent operational products deliver value and where complexity, vendor bias, integration burden, or weak field usability can undermine adoption.","A dependable, understandable, source-aware construction workflow and product operations workflow.","Scope, context, or methodology limits generalization; corroboration is required for high-impact decisions.","Independent comparison, implementation report, or case study","5","3","5","5","Previous 12 months","3","Expose construction workflow and product operations progressively with clear status and source context.","Implement construction workflow and product operations as an operational, persisted workflow rather than a decorative control.","Run the critical path and a realistic failure case for construction workflow and product operations on desktop and mobile.","Positive capability claims are balanced against direct-user failure reports and implementation constraints in the contradiction table.","Qualified",""
"S236","https://fmicorp.com/about/news/fmi-releases-2025-engineering-and-construction-industry-overview-and-first-quarter-outlook","Fmi Releases 2025 Engineering And Construction Industry Overview And First Quarter Outlook","FMI","fmicorp.com","Not available or not required for qualification","2025","Not available","Year displayed in source edition, title, or canonical URL","2026-08-27","Independent comparisons and case studies","Independent comparison/case study","Builder Assist category or adjacent operational SaaS","Construction company owner, project manager, estimator, superintendent, BIM/VDC, or administrator","General or stated by source","Desktop and/or unspecified; mobile implications tagged separately where applicable","Construction workflow and product operations","Team / administrator / collaboration","","Mixed","“Fmi Releases 2025 Engineering And Construction Industry Overview And First Quarter Outlook” shows how construction or adjacent operational products deliver value and where complexity, vendor bias, integration burden, or weak field usability can undermine adoption.","A dependable, understandable, source-aware construction workflow and product operations workflow.","Scope, context, or methodology limits generalization; corroboration is required for high-impact decisions.","Independent comparison, implementation report, or case study","5","3","5","5","Previous 12 months","3","Expose construction workflow and product operations progressively with clear status and source context.","Implement construction workflow and product operations as an operational, persisted workflow rather than a decorative control.","Run the critical path and a realistic failure case for construction workflow and product operations on desktop and mobile.","Positive capability claims are balanced against direct-user failure reports and implementation constraints in the contradiction table.","Qualified",""
"S237","https://proddrupalcontent.construction.com/s3fs-public/DCN_SMR/SMBrief_BIM_Advancements_01.pdf","SMBrief BIM Advancements 01","Dodge Construction Network","proddrupalcontent.construction.com","Not available or not required for qualification","Not available","Not available","No reliable date retained from accessible content","2026-08-27","Independent comparisons and case studies","Independent comparison/case study","Bim","Construction company owner, project manager, estimator, superintendent, BIM/VDC, or administrator","General or stated by source","Desktop and/or unspecified; mobile implications tagged separately where applicable","3D/BIM model viewing","Team / administrator / collaboration","BIM / digital twin / 4D sequencing","Mixed","“SMBrief BIM Advancements 01” shows how construction or adjacent operational products deliver value and where complexity, vendor bias, integration burden, or weak field usability can undermine adoption.","A dependable, understandable, source-aware 3d/bim model viewing workflow.","Scope, context, or methodology limits generalization; corroboration is required for high-impact decisions.","Independent comparison, implementation report, or case study","5","3","5","1","Unverified","3","Expose 3d/bim model viewing progressively with clear status and source context.","Implement 3d/bim model viewing as an operational, persisted workflow rather than a decorative control.","Run the critical path and a realistic failure case for 3d/bim model viewing on desktop and mobile.","Positive capability claims are balanced against direct-user failure reports and implementation constraints in the contradiction table.","Qualified",""
"S238","https://research.chalmers.se/publication/540511/file/540511_Fulltext.pdf","Total BIM: Toward transforming construction","Chalmers University of Technology","research.chalmers.se","Not available or not required for qualification","2024","Not available","Date displayed in inspected content or publication","2026-08-27","Independent comparisons and case studies","Independent comparison/case study","Builder Assist category or adjacent operational SaaS","Construction company owner, project manager, estimator, superintendent, BIM/VDC, or administrator","General or stated by source","Desktop and/or unspecified; mobile implications tagged separately where applicable","3D/BIM model viewing","Team / administrator / collaboration","BIM / digital twin / 4D sequencing","Mixed","“Total BIM: Toward transforming construction” shows how construction or adjacent operational products deliver value and where complexity, vendor bias, integration burden, or weak field usability can undermine adoption.","A dependable, understandable, source-aware 3d/bim model viewing workflow.","Scope, context, or methodology limits generalization; corroboration is required for high-impact decisions.","Independent comparison, implementation report, or case study","5","3","5","4","Previous 36 months","3","Expose 3d/bim model viewing progressively with clear status and source context.","Implement 3d/bim model viewing as an operational, persisted workflow rather than a decorative control.","Run the critical path and a realistic failure case for 3d/bim model viewing on desktop and mobile.","Positive capability claims are balanced against direct-user failure reports and implementation constraints in the contradiction table.","Qualified",""
"S239","https://proceedings.epicpeople.org/article/147694-empowering-the-field-designing-adaptive-open-and-collaborative-bim-viewer-ecosystems","147694 Empowering The Field Designing Adaptive Open And Collaborative BIM Viewer Ecosystems","EPIC Proceedings","proceedings.epicpeople.org","Not available or not required for qualification","Not available","Not available","No reliable date retained from accessible content","2026-08-27","Independent comparisons and case studies","Independent comparison/case study","Bim","Construction company owner, project manager, estimator, superintendent, BIM/VDC, or administrator","General or stated by source","Desktop and/or unspecified; mobile implications tagged separately where applicable","3D/BIM model viewing","Team / administrator / collaboration","BIM / digital twin / 4D sequencing","Mixed","“147694 Empowering The Field Designing Adaptive Open And Collaborative BIM Viewer Ecosystems” shows how construction or adjacent operational products deliver value and where complexity, vendor bias, integration burden, or weak field usability can undermine adoption.","A dependable, understandable, source-aware 3d/bim model viewing workflow.","Scope, context, or methodology limits generalization; corroboration is required for high-impact decisions.","Independent comparison, implementation report, or case study","5","3","5","1","Unverified","3","Expose 3d/bim model viewing progressively with clear status and source context.","Implement 3d/bim model viewing as an operational, persisted workflow rather than a decorative control.","Run the critical path and a realistic failure case for 3d/bim model viewing on desktop and mobile.","Positive capability claims are balanced against direct-user failure reports and implementation constraints in the contradiction table.","Qualified",""
"S240","https://academic.oup.com/jcde/article/10/6/2288/7419879","7419879","Oxford University Press","academic.oup.com","Not available or not required for qualification","Not available","Not available","No reliable date retained from accessible content","2026-08-27","Independent comparisons and case studies","Independent comparison/case study","Builder Assist category or adjacent operational SaaS","Construction company owner, project manager, estimator, superintendent, BIM/VDC, or administrator","General or stated by source","Desktop and/or unspecified; mobile implications tagged separately where applicable","Construction workflow and product operations","Team / administrator / collaboration","","Mixed","“7419879” shows how construction or adjacent operational products deliver value and where complexity, vendor bias, integration burden, or weak field usability can undermine adoption.","A dependable, understandable, source-aware construction workflow and product operations workflow.","Scope, context, or methodology limits generalization; corroboration is required for high-impact decisions.","Independent comparison, implementation report, or case study","5","3","4","1","Unverified","3","Expose construction workflow and product operations progressively with clear status and source context.","Implement construction workflow and product operations as an operational, persisted workflow rather than a decorative control.","Run the critical path and a realistic failure case for construction workflow and product operations on desktop and mobile.","Positive capability claims are balanced against direct-user failure reports and implementation constraints in the contradiction table.","Qualified",""
"S241","https://www.ciob.org/blog/what-are-digital-twins-in-construction","What Are Digital Twins In Construction","Chartered Institute of Building","ciob.org","Not available or not required for qualification","Not available","Not available","No reliable date retained from accessible content","2026-08-27","Independent comparisons and case studies","Independent comparison/case study","Digital-Twin","Construction company owner, project manager, estimator, superintendent, BIM/VDC, or administrator","General or stated by source","Desktop and/or unspecified; mobile implications tagged separately where applicable","Digital twin and construction sequencing","Team / administrator / collaboration","BIM / digital twin / 4D sequencing","Mixed","“What Are Digital Twins In Construction” shows how construction or adjacent operational products deliver value and where complexity, vendor bias, integration burden, or weak field usability can undermine adoption.","A dependable, understandable, source-aware digital twin and construction sequencing workflow.","Scope, context, or methodology limits generalization; corroboration is required for high-impact decisions.","Independent comparison, implementation report, or case study","5","3","5","1","Unverified","3","Expose digital twin and construction sequencing progressively with clear status and source context.","Implement digital twin and construction sequencing as an operational, persisted workflow rather than a decorative control.","Run the critical path and a realistic failure case for digital twin and construction sequencing on desktop and mobile.","Positive capability claims are balanced against direct-user failure reports and implementation constraints in the contradiction table.","Qualified",""
"S242","https://www.ice.org.uk/news-views-insights/inside-infrastructure/digital-twins-transforming-construction-industry","Digital Twins Transforming Construction Industry","Institution of Civil Engineers","ice.org.uk","Not available or not required for qualification","Not available","Not available","No reliable date retained from accessible content","2026-08-27","Independent comparisons and case studies","Independent comparison/case study","Digital-Twin","Construction company owner, project manager, estimator, superintendent, BIM/VDC, or administrator","General or stated by source","Desktop and/or unspecified; mobile implications tagged separately where applicable","Digital twin and construction sequencing","Team / administrator / collaboration","BIM / digital twin / 4D sequencing","Mixed","“Digital Twins Transforming Construction Industry” shows how construction or adjacent operational products deliver value and where complexity, vendor bias, integration burden, or weak field usability can undermine adoption.","A dependable, understandable, source-aware digital twin and construction sequencing workflow.","Scope, context, or methodology limits generalization; corroboration is required for high-impact decisions.","Independent comparison, implementation report, or case study","5","3","5","1","Unverified","3","Expose digital twin and construction sequencing progressively with clear status and source context.","Implement digital twin and construction sequencing as an operational, persisted workflow rather than a decorative control.","Run the critical path and a realistic failure case for digital twin and construction sequencing on desktop and mobile.","Positive capability claims are balanced against direct-user failure reports and implementation constraints in the contradiction table.","Qualified",""
"S243","https://assets.publishing.service.gov.uk/media/690a2dce9456634d9795fdae/infrastructure-digital-twin-data-require-whole-life-efficiency-resilience.pdf","Infrastructure Digital Twin Data Requirements for Whole Life Efficiency and Resilience","UK Department for Transport","assets.publishing.service.gov.uk","Not available or not required for qualification","2025-10","Not available","Date displayed in inspected content or publication","2026-08-27","Independent comparisons and case studies","Independent comparison/case study","Digital-Twin","Construction company owner, project manager, estimator, superintendent, BIM/VDC, or administrator","General or stated by source","Desktop and/or unspecified; mobile implications tagged separately where applicable","Digital twin and construction sequencing","Team / administrator / collaboration","BIM / digital twin / 4D sequencing","Mixed","“Infrastructure Digital Twin Data Requirements for Whole Life Efficiency and Resilience” shows how construction or adjacent operational products deliver value and where complexity, vendor bias, integration burden, or weak field usability can undermine adoption.","A dependable, understandable, source-aware digital twin and construction sequencing workflow.","Scope, context, or methodology limits generalization; corroboration is required for high-impact decisions.","Independent comparison, implementation report, or case study","5","3","4","5","Previous 12 months","3","Expose digital twin and construction sequencing progressively with clear status and source context.","Implement digital twin and construction sequencing as an operational, persisted workflow rather than a decorative control.","Run the critical path and a realistic failure case for digital twin and construction sequencing on desktop and mobile.","Positive capability claims are balanced against direct-user failure reports and implementation constraints in the contradiction table.","Qualified",""
"S244","https://www.geoweeknews.com/articles/monir-precision-monitoring-leverages-digital-twins-for-toronto-urban-development-project/","Monir Precision Monitoring Leverages Digital Twins For Toronto Urban Development Project","Geo Week News","geoweeknews.com","Not available or not required for qualification","Not available","Not available","No reliable date retained from accessible content","2026-08-27","Independent comparisons and case studies","Independent comparison/case study","Digital-Twin","Construction company owner, project manager, estimator, superintendent, BIM/VDC, or administrator","General or stated by source","Desktop and/or unspecified; mobile implications tagged separately where applicable","Digital twin and construction sequencing","Team / administrator / collaboration","BIM / digital twin / 4D sequencing","Mixed","“Monir Precision Monitoring Leverages Digital Twins For Toronto Urban Development Project” shows how construction or adjacent operational products deliver value and where complexity, vendor bias, integration burden, or weak field usability can undermine adoption.","A dependable, understandable, source-aware digital twin and construction sequencing workflow.","Scope, context, or methodology limits generalization; corroboration is required for high-impact decisions.","Independent comparison, implementation report, or case study","5","3","4","1","Unverified","3","Expose digital twin and construction sequencing progressively with clear status and source context.","Implement digital twin and construction sequencing as an operational, persisted workflow rather than a decorative control.","Run the critical path and a realistic failure case for digital twin and construction sequencing on desktop and mobile.","Positive capability claims are balanced against direct-user failure reports and implementation constraints in the contradiction table.","Qualified",""
"S245","https://www.geospatialworld.net/prime/case-study/aec/use-of-digital-twinning-in-construction-of-pan-borneo-highway-results-in-massive-cost-savings/","Use Of Digital Twinning In Construction Of Pan Borneo Highway Results In Massive Cost Savings","Geospatial World","geospatialworld.net","Not available or not required for qualification","Not available","Not available","No reliable date retained from accessible content","2026-08-27","Independent comparisons and case studies","Independent comparison/case study","Digital-Twin","Construction company owner, project manager, estimator, superintendent, BIM/VDC, or administrator","General or stated by source","Desktop and/or unspecified; mobile implications tagged separately where applicable","Digital twin and construction sequencing","Team / administrator / collaboration","BIM / digital twin / 4D sequencing | Authoritative GIS / parcel / survey / topography","Mixed","“Use Of Digital Twinning In Construction Of Pan Borneo Highway Results In Massive Cost Savings” shows how construction or adjacent operational products deliver value and where complexity, vendor bias, integration burden, or weak field usability can undermine adoption.","A dependable, understandable, source-aware digital twin and construction sequencing workflow.","Scope, context, or methodology limits generalization; corroboration is required for high-impact decisions.","Independent comparison, implementation report, or case study","5","3","5","1","Unverified","3","Expose digital twin and construction sequencing progressively with clear status and source context.","Implement digital twin and construction sequencing as an operational, persisted workflow rather than a decorative control.","Run the critical path and a realistic failure case for digital twin and construction sequencing on desktop and mobile.","Positive capability claims are balanced against direct-user failure reports and implementation constraints in the contradiction table.","Qualified",""
"S246","https://constructionexec.com/article/bim-in-the-field-vr-ar-for-big-models/","BIM In The Field Vr Ar For Big Models","Construction Executive","constructionexec.com","Not available or not required for qualification","Not available","Not available","No reliable date retained from accessible content","2026-08-27","Independent comparisons and case studies","Independent comparison/case study","Bim","Construction company owner, project manager, estimator, superintendent, BIM/VDC, or administrator","General or stated by source","Desktop and/or unspecified; mobile implications tagged separately where applicable","3D/BIM model viewing","Team / administrator / collaboration","BIM / digital twin / 4D sequencing","Mixed","“BIM In The Field Vr Ar For Big Models” shows how construction or adjacent operational products deliver value and where complexity, vendor bias, integration burden, or weak field usability can undermine adoption.","A dependable, understandable, source-aware 3d/bim model viewing workflow.","Scope, context, or methodology limits generalization; corroboration is required for high-impact decisions.","Independent comparison, implementation report, or case study","5","3","5","1","Unverified","3","Expose 3d/bim model viewing progressively with clear status and source context.","Implement 3d/bim model viewing as an operational, persisted workflow rather than a decorative control.","Run the critical path and a realistic failure case for 3d/bim model viewing on desktop and mobile.","Positive capability claims are balanced against direct-user failure reports and implementation constraints in the contradiction table.","Qualified",""
"S247","https://www.archdaily.com/1022080/how-firms-are-using-bim-for-sustainable-high-rise-construction-projects","How Firms Are Using BIM For Sustainable High Rise Construction Projects","ArchDaily","archdaily.com","Not available or not required for qualification","Not available","Not available","No reliable date retained from accessible content","2026-08-27","Independent comparisons and case studies","Independent comparison/case study","Bim","Construction company owner, project manager, estimator, superintendent, BIM/VDC, or administrator","General or stated by source","Desktop and/or unspecified; mobile implications tagged separately where applicable","3D/BIM model viewing","Team / administrator / collaboration","BIM / digital twin / 4D sequencing","Mixed","“How Firms Are Using BIM For Sustainable High Rise Construction Projects” shows how construction or adjacent operational products deliver value and where complexity, vendor bias, integration burden, or weak field usability can undermine adoption.","A dependable, understandable, source-aware 3d/bim model viewing workflow.","Scope, context, or methodology limits generalization; corroboration is required for high-impact decisions.","Independent comparison, implementation report, or case study","5","3","5","1","Unverified","3","Expose 3d/bim model viewing progressively with clear status and source context.","Implement 3d/bim model viewing as an operational, persisted workflow rather than a decorative control.","Run the critical path and a realistic failure case for 3d/bim model viewing on desktop and mobile.","Positive capability claims are balanced against direct-user failure reports and implementation constraints in the contradiction table.","Qualified",""
"S248","https://www.enr.com/articles/58539-dublin-airport-takes-off-into-construction-cloud-digital-twin","58539 Dublin Airport Takes Off Into Construction Cloud Digital Twin","Engineering News-Record","enr.com","Not available or not required for qualification","Not available","Not available","No reliable date retained from accessible content","2026-08-27","Independent comparisons and case studies","Independent comparison/case study","Digital-Twin","Construction company owner, project manager, estimator, superintendent, BIM/VDC, or administrator","General or stated by source","Desktop and/or unspecified; mobile implications tagged separately where applicable","Digital twin and construction sequencing","Team / administrator / collaboration","BIM / digital twin / 4D sequencing","Mixed","“58539 Dublin Airport Takes Off Into Construction Cloud Digital Twin” shows how construction or adjacent operational products deliver value and where complexity, vendor bias, integration burden, or weak field usability can undermine adoption.","A dependable, understandable, source-aware digital twin and construction sequencing workflow.","Scope, context, or methodology limits generalization; corroboration is required for high-impact decisions.","Independent comparison, implementation report, or case study","5","3","5","1","Unverified","3","Expose digital twin and construction sequencing progressively with clear status and source context.","Implement digital twin and construction sequencing as an operational, persisted workflow rather than a decorative control.","Run the critical path and a realistic failure case for digital twin and construction sequencing on desktop and mobile.","Positive capability claims are balanced against direct-user failure reports and implementation constraints in the contradiction table.","Qualified",""
"S249","https://www.enr.com/articles/62511-data-drives-delivery-as-firms-create-interactive-maps-digital-twins-for-client-insight","62511 Data Drives Delivery As Firms Create Interactive Maps Digital Twins For Client Insight","Engineering News-Record","enr.com","Not available or not required for qualification","2026-02-11","Not available","Date displayed in inspected content or publication","2026-08-27","Independent comparisons and case studies","Independent comparison/case study","Digital-Twin","Construction company owner, project manager, estimator, superintendent, BIM/VDC, or administrator","General or stated by source","Desktop and/or unspecified; mobile implications tagged separately where applicable","Digital twin and construction sequencing","Team / administrator / collaboration","BIM / digital twin / 4D sequencing","Mixed","“62511 Data Drives Delivery As Firms Create Interactive Maps Digital Twins For Client Insight” shows how construction or adjacent operational products deliver value and where complexity, vendor bias, integration burden, or weak field usability can undermine adoption.","A dependable, understandable, source-aware digital twin and construction sequencing workflow.","Scope, context, or methodology limits generalization; corroboration is required for high-impact decisions.","Independent comparison, implementation report, or case study","5","3","4","5","Previous 12 months","3","Expose digital twin and construction sequencing progressively with clear status and source context.","Implement digital twin and construction sequencing as an operational, persisted workflow rather than a decorative control.","Run the critical path and a realistic failure case for digital twin and construction sequencing on desktop and mobile.","Positive capability claims are balanced against direct-user failure reports and implementation constraints in the contradiction table.","Qualified",""
"S250","https://www.smartcitiesdive.com/news/orlando-region-unity-digital-twin-project/619056/","619056","Smart Cities Dive","smartcitiesdive.com","Not available or not required for qualification","2022-02-22","Not available","Date displayed in inspected content or publication","2026-08-27","Independent comparisons and case studies","Independent comparison/case study","Digital-Twin","Construction company owner, project manager, estimator, superintendent, BIM/VDC, or administrator","General or stated by source","Desktop and/or unspecified; mobile implications tagged separately where applicable","Construction workflow and product operations","Team / administrator / collaboration","BIM / digital twin / 4D sequencing","Mixed","“619056” shows how construction or adjacent operational products deliver value and where complexity, vendor bias, integration burden, or weak field usability can undermine adoption.","A dependable, understandable, source-aware construction workflow and product operations workflow.","Scope, context, or methodology limits generalization; corroboration is required for high-impact decisions.","Independent comparison, implementation report, or case study","5","3","4","2","Older than 36 months","3","Expose construction workflow and product operations progressively with clear status and source context.","Implement construction workflow and product operations as an operational, persisted workflow rather than a decorative control.","Run the critical path and a realistic failure case for construction workflow and product operations on desktop and mobile.","Positive capability claims are balanced against direct-user failure reports and implementation constraints in the contradiction table.","Qualified",""
